2026-04-24 08:13:56  INFO      root                            Logging initialised  |  file → logs/run_lambdas_0.1_0.5_1.0_20260424_081356.log
2026-04-24 08:13:56  INFO      __main__                        ============================================================
2026-04-24 08:13:56  INFO      __main__                        Self-Pruning Neural Network  —  CIFAR-10
2026-04-24 08:13:56  INFO      __main__                        ============================================================
2026-04-24 08:13:56  INFO      __main__                        Config: epochs=100  lr=1e-03  batch=256  λ=[0.1, 0.5, 1.0]
2026-04-24 08:13:57  INFO      __main__                        Device: cuda
2026-04-24 08:13:58  INFO      src.data                        CIFAR-10 loaded | train=50000  test=10000  batch_size=256
2026-04-24 08:13:58  DEBUG     asyncio                         Using selector: EpollSelector
2026-04-24 08:13:59  DEBUG     git.cmd                         Popen(['git', 'version'], cwd=/kaggle/working, stdin=None, shell=False, universal_newlines=False)
2026-04-24 08:13:59  DEBUG     git.cmd                         Popen(['git', 'version'], cwd=/kaggle/working, stdin=None, shell=False, universal_newlines=False)
2026-04-24 08:13:59  DEBUG     git.util                        sys.platform='linux', git_executable='git'
2026-04-24 08:13:59  DEBUG     urllib3.connectionpool          Starting new HTTPS connection (1): api.wandb.ai:443
2026-04-24 08:13:59  DEBUG     urllib3.connectionpool          https://api.wandb.ai:443 "POST /graphql HTTP/1.1" 200 None
2026-04-24 08:13:59  DEBUG     urllib3.connectionpool          https://api.wandb.ai:443 "POST /graphql HTTP/1.1" 200 365
2026-04-24 08:13:59  INFO      __main__                        W&B project: self-pruning-nn-20260424_081356
2026-04-24 08:13:59  DEBUG     urllib3.connectionpool          Starting new HTTPS connection (1): api.wandb.ai:443
2026-04-24 08:13:59  DEBUG     urllib3.connectionpool          https://api.wandb.ai:443 "POST /graphql HTTP/1.1" 200 None
2026-04-24 08:13:59  DEBUG     urllib3.connectionpool          https://api.wandb.ai:443 "POST /graphql HTTP/1.1" 200 365
2026-04-24 08:14:00  DEBUG     git.util                        sys.platform='linux', git_executable='git'
2026-04-24 08:14:02  DEBUG     src.model                       PrunableLinear(3072 → 1024): 3145728 gate parameters
2026-04-24 08:14:02  DEBUG     src.model                       PrunableLinear(1024 → 512): 524288 gate parameters
2026-04-24 08:14:02  DEBUG     src.model                       PrunableLinear(512 → 256): 131072 gate parameters
2026-04-24 08:14:02  DEBUG     src.model                       PrunableLinear(256 → 10): 2560 gate parameters
2026-04-24 08:14:02  INFO      src.model                       SelfPruningNet built | architecture: 3072-1024-512-256-10 | total gates: 3,803,648
2026-04-24 08:14:02  INFO      src.trainer                     Experiment start  λ=0.1000  epochs=100  lr=1e-03  device=cuda
2026-04-24 08:14:13  INFO      src.trainer                       λ=0.10  epoch   1/100  total=1.8661  CE=1.7709  spar=0.9518  sparsity=0.0%  10.7s
2026-04-24 08:14:53  INFO      src.trainer                       λ=0.10  epoch   5/100  total=1.5198  CE=1.4258  spar=0.9404  sparsity=0.0%  9.8s
2026-04-24 08:15:43  INFO      src.trainer                       λ=0.10  epoch  10/100  total=1.4092  CE=1.3184  spar=0.9081  sparsity=0.0%  10.0s
2026-04-24 08:16:32  INFO      src.trainer                       λ=0.10  epoch  15/100  total=1.3292  CE=1.2444  spar=0.8484  sparsity=0.0%  10.0s
2026-04-24 08:17:22  INFO      src.trainer                       λ=0.10  epoch  20/100  total=1.2604  CE=1.1833  spar=0.7707  sparsity=0.0%  9.8s
2026-04-24 08:18:12  INFO      src.trainer                       λ=0.10  epoch  25/100  total=1.1956  CE=1.1263  spar=0.6930  sparsity=0.0%  10.0s
2026-04-24 08:19:03  INFO      src.trainer                       λ=0.10  epoch  30/100  total=1.1372  CE=1.0746  spar=0.6260  sparsity=0.0%  10.0s
2026-04-24 08:19:52  INFO      src.trainer                       λ=0.10  epoch  35/100  total=1.0853  CE=1.0282  spar=0.5713  sparsity=0.0%  10.0s
2026-04-24 08:20:42  INFO      src.trainer                       λ=0.10  epoch  40/100  total=1.0297  CE=0.9770  spar=0.5271  sparsity=0.0%  10.2s
2026-04-24 08:21:33  INFO      src.trainer                       λ=0.10  epoch  45/100  total=0.9836  CE=0.9345  spar=0.4916  sparsity=0.0%  10.1s
2026-04-24 08:22:23  INFO      src.trainer                       λ=0.10  epoch  50/100  total=0.9367  CE=0.8904  spar=0.4635  sparsity=0.1%  10.3s
2026-04-24 08:23:14  INFO      src.trainer                       λ=0.10  epoch  55/100  total=0.8834  CE=0.8392  spar=0.4416  sparsity=0.4%  10.2s
2026-04-24 08:24:05  INFO      src.trainer                       λ=0.10  epoch  60/100  total=0.8359  CE=0.7934  spar=0.4248  sparsity=1.0%  10.3s
2026-04-24 08:24:57  INFO      src.trainer                       λ=0.10  epoch  65/100  total=0.7980  CE=0.7567  spar=0.4126  sparsity=1.7%  10.2s
2026-04-24 08:25:48  INFO      src.trainer                       λ=0.10  epoch  70/100  total=0.7571  CE=0.7167  spar=0.4040  sparsity=2.5%  10.3s
2026-04-24 08:26:40  INFO      src.trainer                       λ=0.10  epoch  75/100  total=0.7214  CE=0.6815  spar=0.3981  sparsity=3.2%  10.4s
2026-04-24 08:27:33  INFO      src.trainer                       λ=0.10  epoch  80/100  total=0.6855  CE=0.6460  spar=0.3945  sparsity=3.8%  10.4s
2026-04-24 08:28:25  INFO      src.trainer                       λ=0.10  epoch  85/100  total=0.6619  CE=0.6226  spar=0.3923  sparsity=4.2%  10.4s
2026-04-24 08:29:17  INFO      src.trainer                       λ=0.10  epoch  90/100  total=0.6490  CE=0.6099  spar=0.3912  sparsity=4.4%  10.5s
2026-04-24 08:30:08  INFO      src.trainer                       λ=0.10  epoch  95/100  total=0.6417  CE=0.6026  spar=0.3908  sparsity=4.4%  10.4s
2026-04-24 08:31:00  INFO      src.trainer                       λ=0.10  epoch 100/100  total=0.6379  CE=0.5988  spar=0.3907  sparsity=4.5%  10.4s
2026-04-24 08:31:02  DEBUG     src.trainer                     Evaluation  accuracy=65.35%  (6535/10000)
2026-04-24 08:31:02  INFO      numexpr.utils                   NumExpr defaulting to 4 threads.
2026-04-24 08:31:02  INFO      src.trainer                     Experiment done   λ=0.1000  acc=65.35%  sparsity=4.46%
2026-04-24 08:31:03  DEBUG     urllib3.connectionpool          Starting new HTTPS connection (1): api.wandb.ai:443
2026-04-24 08:31:03  DEBUG     urllib3.connectionpool          https://api.wandb.ai:443 "POST /graphql HTTP/1.1" 200 None
2026-04-24 08:31:03  DEBUG     urllib3.connectionpool          https://api.wandb.ai:443 "POST /graphql HTTP/1.1" 200 365
2026-04-24 08:31:03  DEBUG     git.util                        sys.platform='linux', git_executable='git'
2026-04-24 08:31:04  DEBUG     src.model                       PrunableLinear(3072 → 1024): 3145728 gate parameters
2026-04-24 08:31:04  DEBUG     src.model                       PrunableLinear(1024 → 512): 524288 gate parameters
2026-04-24 08:31:04  DEBUG     src.model                       PrunableLinear(512 → 256): 131072 gate parameters
2026-04-24 08:31:04  DEBUG     src.model                       PrunableLinear(256 → 10): 2560 gate parameters
2026-04-24 08:31:04  INFO      src.model                       SelfPruningNet built | architecture: 3072-1024-512-256-10 | total gates: 3,803,648
2026-04-24 08:31:04  INFO      src.trainer                     Experiment start  λ=0.5000  epochs=100  lr=1e-03  device=cuda
2026-04-24 08:31:15  INFO      src.trainer                       λ=0.50  epoch   1/100  total=2.2318  CE=1.7570  spar=0.9497  sparsity=0.0%  10.5s
2026-04-24 08:31:56  INFO      src.trainer                       λ=0.50  epoch   5/100  total=1.8484  CE=1.4213  spar=0.8541  sparsity=0.0%  10.3s
2026-04-24 08:32:48  INFO      src.trainer                       λ=0.50  epoch  10/100  total=1.6104  CE=1.2992  spar=0.6222  sparsity=0.0%  10.3s
2026-04-24 08:33:40  INFO      src.trainer                       λ=0.50  epoch  15/100  total=1.4532  CE=1.2129  spar=0.4806  sparsity=0.2%  10.4s
2026-04-24 08:34:31  INFO      src.trainer                       λ=0.50  epoch  20/100  total=1.3415  CE=1.1415  spar=0.4001  sparsity=3.7%  10.3s
2026-04-24 08:35:23  INFO      src.trainer                       λ=0.50  epoch  25/100  total=1.2525  CE=1.0783  spar=0.3483  sparsity=10.7%  10.2s
2026-04-24 08:36:14  INFO      src.trainer                       λ=0.50  epoch  30/100  total=1.1775  CE=1.0214  spar=0.3123  sparsity=18.6%  10.4s
2026-04-24 08:37:05  INFO      src.trainer                       λ=0.50  epoch  35/100  total=1.1103  CE=0.9671  spar=0.2865  sparsity=25.8%  10.2s
2026-04-24 08:37:56  INFO      src.trainer                       λ=0.50  epoch  40/100  total=1.0490  CE=0.9153  spar=0.2674  sparsity=31.7%  10.2s
2026-04-24 08:38:48  INFO      src.trainer                       λ=0.50  epoch  45/100  total=0.9927  CE=0.8661  spar=0.2533  sparsity=36.5%  10.2s
2026-04-24 08:39:38  INFO      src.trainer                       λ=0.50  epoch  50/100  total=0.9462  CE=0.8248  spar=0.2428  sparsity=40.3%  10.3s
2026-04-24 08:40:29  INFO      src.trainer                       λ=0.50  epoch  55/100  total=0.8952  CE=0.7777  spar=0.2350  sparsity=43.3%  10.1s
2026-04-24 08:41:19  INFO      src.trainer                       λ=0.50  epoch  60/100  total=0.8470  CE=0.7324  spar=0.2292  sparsity=45.6%  10.5s
2026-04-24 08:42:11  INFO      src.trainer                       λ=0.50  epoch  65/100  total=0.8071  CE=0.6945  spar=0.2252  sparsity=47.3%  10.7s
2026-04-24 08:43:04  INFO      src.trainer                       λ=0.50  epoch  70/100  total=0.7689  CE=0.6578  spar=0.2223  sparsity=48.6%  10.2s
2026-04-24 08:43:56  INFO      src.trainer                       λ=0.50  epoch  75/100  total=0.7365  CE=0.6263  spar=0.2203  sparsity=49.5%  10.4s
2026-04-24 08:44:47  INFO      src.trainer                       λ=0.50  epoch  80/100  total=0.7050  CE=0.5955  spar=0.2190  sparsity=50.1%  10.1s
2026-04-24 08:45:38  INFO      src.trainer                       λ=0.50  epoch  85/100  total=0.6846  CE=0.5754  spar=0.2183  sparsity=50.5%  10.0s
2026-04-24 08:46:28  INFO      src.trainer                       λ=0.50  epoch  90/100  total=0.6776  CE=0.5686  spar=0.2179  sparsity=50.7%  10.0s
2026-04-24 08:47:18  INFO      src.trainer                       λ=0.50  epoch  95/100  total=0.6710  CE=0.5621  spar=0.2177  sparsity=50.8%  10.3s
2026-04-24 08:48:09  INFO      src.trainer                       λ=0.50  epoch 100/100  total=0.6646  CE=0.5558  spar=0.2176  sparsity=50.8%  10.1s
2026-04-24 08:48:11  DEBUG     src.trainer                     Evaluation  accuracy=66.75%  (6675/10000)
2026-04-24 08:48:11  INFO      src.trainer                     Experiment done   λ=0.5000  acc=66.75%  sparsity=50.83%
2026-04-24 08:48:12  DEBUG     urllib3.connectionpool          Starting new HTTPS connection (1): api.wandb.ai:443
2026-04-24 08:48:12  DEBUG     urllib3.connectionpool          https://api.wandb.ai:443 "POST /graphql HTTP/1.1" 200 None
2026-04-24 08:48:12  DEBUG     urllib3.connectionpool          https://api.wandb.ai:443 "POST /graphql HTTP/1.1" 200 365
2026-04-24 08:48:12  DEBUG     git.util                        sys.platform='linux', git_executable='git'
2026-04-24 08:48:13  DEBUG     src.model                       PrunableLinear(3072 → 1024): 3145728 gate parameters
2026-04-24 08:48:13  DEBUG     src.model                       PrunableLinear(1024 → 512): 524288 gate parameters
2026-04-24 08:48:13  DEBUG     src.model                       PrunableLinear(512 → 256): 131072 gate parameters
2026-04-24 08:48:13  DEBUG     src.model                       PrunableLinear(256 → 10): 2560 gate parameters
2026-04-24 08:48:13  INFO      src.model                       SelfPruningNet built | architecture: 3072-1024-512-256-10 | total gates: 3,803,648
2026-04-24 08:48:13  INFO      src.trainer                     Experiment start  λ=1.0000  epochs=100  lr=1e-03  device=cuda
2026-04-24 08:48:23  INFO      src.trainer                       λ=1.00  epoch   1/100  total=2.7103  CE=1.7635  spar=0.9468  sparsity=0.0%  10.3s
2026-04-24 08:49:03  INFO      src.trainer                       λ=1.00  epoch   5/100  total=2.1134  CE=1.4183  spar=0.6952  sparsity=0.0%  9.9s
2026-04-24 08:49:54  INFO      src.trainer                       λ=1.00  epoch  10/100  total=1.7142  CE=1.2864  spar=0.4278  sparsity=0.0%  10.2s
2026-04-24 08:50:45  INFO      src.trainer                       λ=1.00  epoch  15/100  total=1.5159  CE=1.1940  spar=0.3220  sparsity=8.4%  10.1s
2026-04-24 08:51:36  INFO      src.trainer                       λ=1.00  epoch  20/100  total=1.3811  CE=1.1158  spar=0.2653  sparsity=21.2%  10.2s
2026-04-24 08:52:27  INFO      src.trainer                       λ=1.00  epoch  25/100  total=1.2798  CE=1.0500  spar=0.2298  sparsity=32.0%  10.1s
2026-04-24 08:53:18  INFO      src.trainer                       λ=1.00  epoch  30/100  total=1.1999  CE=0.9941  spar=0.2058  sparsity=40.4%  10.1s
2026-04-24 08:54:08  INFO      src.trainer                       λ=1.00  epoch  35/100  total=1.1288  CE=0.9401  spar=0.1888  sparsity=46.7%  10.1s
2026-04-24 08:54:59  INFO      src.trainer                       λ=1.00  epoch  40/100  total=1.0741  CE=0.8978  spar=0.1763  sparsity=51.6%  10.1s
2026-04-24 08:55:50  INFO      src.trainer                       λ=1.00  epoch  45/100  total=1.0153  CE=0.8482  spar=0.1671  sparsity=55.4%  10.1s
2026-04-24 08:56:41  INFO      src.trainer                       λ=1.00  epoch  50/100  total=0.9695  CE=0.8093  spar=0.1603  sparsity=58.4%  10.2s
2026-04-24 08:57:32  INFO      src.trainer                       λ=1.00  epoch  55/100  total=0.9242  CE=0.7690  spar=0.1552  sparsity=60.6%  10.2s
2026-04-24 08:58:24  INFO      src.trainer                       λ=1.00  epoch  60/100  total=0.8816  CE=0.7302  spar=0.1514  sparsity=62.3%  10.2s
2026-04-24 08:59:15  INFO      src.trainer                       λ=1.00  epoch  65/100  total=0.8436  CE=0.6949  spar=0.1487  sparsity=63.6%  10.3s
2026-04-24 09:00:06  INFO      src.trainer                       λ=1.00  epoch  70/100  total=0.8113  CE=0.6646  spar=0.1468  sparsity=64.6%  10.2s
2026-04-24 09:00:57  INFO      src.trainer                       λ=1.00  epoch  75/100  total=0.7830  CE=0.6376  spar=0.1454  sparsity=65.3%  10.1s
2026-04-24 09:01:49  INFO      src.trainer                       λ=1.00  epoch  80/100  total=0.7647  CE=0.6202  spar=0.1445  sparsity=65.8%  10.2s
2026-04-24 09:02:40  INFO      src.trainer                       λ=1.00  epoch  85/100  total=0.7450  CE=0.6010  spar=0.1439  sparsity=66.1%  10.3s
2026-04-24 09:03:33  INFO      src.trainer                       λ=1.00  epoch  90/100  total=0.7318  CE=0.5882  spar=0.1436  sparsity=66.3%  10.8s
2026-04-24 09:04:26  INFO      src.trainer                       λ=1.00  epoch  95/100  total=0.7286  CE=0.5851  spar=0.1435  sparsity=66.3%  10.7s
2026-04-24 09:05:18  INFO      src.trainer                       λ=1.00  epoch 100/100  total=0.7283  CE=0.5849  spar=0.1435  sparsity=66.3%  10.4s
2026-04-24 09:05:20  DEBUG     src.trainer                     Evaluation  accuracy=67.35%  (6735/10000)
2026-04-24 09:05:20  INFO      src.trainer                     Experiment done   λ=1.0000  acc=67.35%  sparsity=66.35%
2026-04-24 09:05:20  INFO      __main__                        
=======================================================
2026-04-24 09:05:20  INFO      __main__                          RESULTS SUMMARY
2026-04-24 09:05:20  INFO      __main__                        =======================================================
2026-04-24 09:05:20  INFO      __main__                          Lambda      Test Acc (%)    Sparsity (%)  
2026-04-24 09:05:20  INFO      __main__                          ---------------------------------------------------
2026-04-24 09:05:20  INFO      __main__                          0.1000      65.35           4.46          
2026-04-24 09:05:20  INFO      __main__                          0.5000      66.75           50.83         
2026-04-24 09:05:20  INFO      __main__                          1.0000      67.35           66.35         
2026-04-24 09:05:20  INFO      __main__                        =======================================================
2026-04-24 09:05:20  DEBUG     matplotlib.pyplot               Loaded backend Agg version v2.2.
2026-04-24 09:05:20  DEBUG     matplotlib.font_manager         findfont: Matching monospace:style=normal:variant=normal:weight=normal:stretch=normal:size=10.0.
2026-04-24 09:05:20  DEBUG     matplotlib.font_manager         findfont: score(FontEntry(fname='/usr/local/lib/python3.12/dist-packages/matplotlib/mpl-data/fonts/ttf/STIXNonUniBol.ttf', name='STIXNonUnicode', style='normal', variant='normal', weight=700, stretch='normal', size='scalable')) = 10.335
2026-04-24 09:05:20  DEBUG     matplotlib.font_manager         findfont: score(FontEntry(fname='/usr/local/lib/python3.12/dist-packages/matplotlib/mpl-data/fonts/ttf/DejaVuSansMono-Oblique.ttf', name='DejaVu Sans Mono', style='oblique', variant='normal', weight=400, stretch='normal', size='scalable')) = 1.05
2026-04-24 09:05:20  DEBUG     matplotlib.font_manager         findfont: score(FontEntry(fname='/usr/local/lib/python3.12/dist-packages/matplotlib/mpl-data/fonts/ttf/DejaVuSansMono-Bold.ttf', name='DejaVu Sans Mono', style='normal', variant='normal', weight=700, stretch='normal', size='scalable')) = 0.33499999999999996
2026-04-24 09:05:20  DEBUG     matplotlib.font_manager         findfont: score(FontEntry(fname='/usr/local/lib/python3.12/dist-packages/matplotlib/mpl-data/fonts/ttf/DejaVuSerif.ttf', name='DejaVu Serif', style='normal', variant='normal', weight=400, stretch='normal', size='scalable')) = 10.05
2026-04-24 09:05:20  DEBUG     matplotlib.font_manager         findfont: score(FontEntry(fname='/usr/local/lib/python3.12/dist-packages/matplotlib/mpl-data/fonts/ttf/DejaVuSans.ttf', name='DejaVu Sans', style='normal', variant='normal', weight=400, stretch='normal', size='scalable')) = 10.05
2026-04-24 09:05:20  DEBUG     matplotlib.font_manager         findfont: score(FontEntry(fname='/usr/local/lib/python3.12/dist-packages/matplotlib/mpl-data/fonts/ttf/DejaVuSerif-BoldItalic.ttf', name='DejaVu Serif', style='italic', variant='normal', weight=700, stretch='normal', size='scalable')) = 11.335
2026-04-24 09:05:20  DEBUG     matplotlib.font_manager         findfont: score(FontEntry(fname='/usr/local/lib/python3.12/dist-packages/matplotlib/mpl-data/fonts/ttf/cmex10.ttf', name='cmex10', style='normal', variant='normal', weight=400, stretch='normal', size='scalable')) = 10.05
2026-04-24 09:05:20  DEBUG     matplotlib.font_manager         findfont: score(FontEntry(fname='/usr/local/lib/python3.12/dist-packages/matplotlib/mpl-data/fonts/ttf/STIXSizOneSymBol.ttf', name='STIXSizeOneSym', style='normal', variant='normal', weight=700, stretch='normal', size='scalable')) = 10.335
2026-04-24 09:05:20  DEBUG     matplotlib.font_manager         findfont: score(FontEntry(fname='/usr/local/lib/python3.12/dist-packages/matplotlib/mpl-data/fonts/ttf/DejaVuSansMono-BoldOblique.ttf', name='DejaVu Sans Mono', style='oblique', variant='normal', weight=700, stretch='normal', size='scalable')) = 1.335
2026-04-24 09:05:20  DEBUG     matplotlib.font_manager         findfont: score(FontEntry(fname='/usr/local/lib/python3.12/dist-packages/matplotlib/mpl-data/fonts/ttf/cmmi10.ttf', name='cmmi10', style='normal', variant='normal', weight=400, stretch='normal', size='scalable')) = 10.05
2026-04-24 09:05:20  DEBUG     matplotlib.font_manager         findfont: score(FontEntry(fname='/usr/local/lib/python3.12/dist-packages/matplotlib/mpl-data/fonts/ttf/DejaVuSans-Oblique.ttf', name='DejaVu Sans', style='oblique', variant='normal', weight=400, stretch='normal', size='scalable')) = 11.05
2026-04-24 09:05:20  DEBUG     matplotlib.font_manager         findfont: score(FontEntry(fname='/usr/local/lib/python3.12/dist-packages/matplotlib/mpl-data/fonts/ttf/DejaVuSerif-Italic.ttf', name='DejaVu Serif', style='italic', variant='normal', weight=400, stretch='normal', size='scalable')) = 11.05
2026-04-24 09:05:20  DEBUG     matplotlib.font_manager         findfont: score(FontEntry(fname='/usr/local/lib/python3.12/dist-packages/matplotlib/mpl-data/fonts/ttf/cmb10.ttf', name='cmb10', style='normal', variant='normal', weight=400, stretch='normal', size='scalable')) = 10.05
2026-04-24 09:05:20  DEBUG     matplotlib.font_manager         findfont: score(FontEntry(fname='/usr/local/lib/python3.12/dist-packages/matplotlib/mpl-data/fonts/ttf/STIXSizOneSymReg.ttf', name='STIXSizeOneSym', style='normal', variant='normal', weight=400, stretch='normal', size='scalable')) = 10.05
2026-04-24 09:05:20  DEBUG     matplotlib.font_manager         findfont: score(FontEntry(fname='/usr/local/lib/python3.12/dist-packages/matplotlib/mpl-data/fonts/ttf/STIXNonUniBolIta.ttf', name='STIXNonUnicode', style='italic', variant='normal', weight=700, stretch='normal', size='scalable')) = 11.335
2026-04-24 09:05:20  DEBUG     matplotlib.font_manager         findfont: score(FontEntry(fname='/usr/local/lib/python3.12/dist-packages/matplotlib/mpl-data/fonts/ttf/STIXSizTwoSymReg.ttf', name='STIXSizeTwoSym', style='normal', variant='normal', weight=400, stretch='normal', size='scalable')) = 10.05
2026-04-24 09:05:20  DEBUG     matplotlib.font_manager         findfont: score(FontEntry(fname='/usr/local/lib/python3.12/dist-packages/matplotlib/mpl-data/fonts/ttf/STIXSizThreeSymBol.ttf', name='STIXSizeThreeSym', style='normal', variant='normal', weight=700, stretch='normal', size='scalable')) = 10.335
2026-04-24 09:05:20  DEBUG     matplotlib.font_manager         findfont: score(FontEntry(fname='/usr/local/lib/python3.12/dist-packages/matplotlib/mpl-data/fonts/ttf/STIXGeneralItalic.ttf', name='STIXGeneral', style='italic', variant='normal', weight=400, stretch='normal', size='scalable')) = 11.05
2026-04-24 09:05:20  DEBUG     matplotlib.font_manager         findfont: score(FontEntry(fname='/usr/local/lib/python3.12/dist-packages/matplotlib/mpl-data/fonts/ttf/STIXGeneralBolIta.ttf', name='STIXGeneral', style='italic', variant='normal', weight=700, stretch='normal', size='scalable')) = 11.335
2026-04-24 09:05:20  DEBUG     matplotlib.font_manager         findfont: score(FontEntry(fname='/usr/local/lib/python3.12/dist-packages/matplotlib/mpl-data/fonts/ttf/cmr10.ttf', name='cmr10', style='normal', variant='normal', weight=400, stretch='normal', size='scalable')) = 10.05
2026-04-24 09:05:20  DEBUG     matplotlib.font_manager         findfont: score(FontEntry(fname='/usr/local/lib/python3.12/dist-packages/matplotlib/mpl-data/fonts/ttf/cmsy10.ttf', name='cmsy10', style='normal', variant='normal', weight=400, stretch='normal', size='scalable')) = 10.05
2026-04-24 09:05:20  DEBUG     matplotlib.font_manager         findfont: score(FontEntry(fname='/usr/local/lib/python3.12/dist-packages/matplotlib/mpl-data/fonts/ttf/STIXSizFourSymReg.ttf', name='STIXSizeFourSym', style='normal', variant='normal', weight=400, stretch='normal', size='scalable')) = 10.05
2026-04-24 09:05:20  DEBUG     matplotlib.font_manager         findfont: score(FontEntry(fname='/usr/local/lib/python3.12/dist-packages/matplotlib/mpl-data/fonts/ttf/STIXGeneralBol.ttf', name='STIXGeneral', style='normal', variant='normal', weight=700, stretch='normal', size='scalable')) = 10.335
2026-04-24 09:05:20  DEBUG     matplotlib.font_manager         findfont: score(FontEntry(fname='/usr/local/lib/python3.12/dist-packages/matplotlib/mpl-data/fonts/ttf/STIXGeneral.ttf', name='STIXGeneral', style='normal', variant='normal', weight=400, stretch='normal', size='scalable')) = 10.05
2026-04-24 09:05:20  DEBUG     matplotlib.font_manager         findfont: score(FontEntry(fname='/usr/local/lib/python3.12/dist-packages/matplotlib/mpl-data/fonts/ttf/DejaVuSansDisplay.ttf', name='DejaVu Sans Display', style='normal', variant='normal', weight=400, stretch='normal', size='scalable')) = 10.05
2026-04-24 09:05:20  DEBUG     matplotlib.font_manager         findfont: score(FontEntry(fname='/usr/local/lib/python3.12/dist-packages/matplotlib/mpl-data/fonts/ttf/DejaVuSans-Bold.ttf', name='DejaVu Sans', style='normal', variant='normal', weight=700, stretch='normal', size='scalable')) = 10.335
2026-04-24 09:05:20  DEBUG     matplotlib.font_manager         findfont: score(FontEntry(fname='/usr/local/lib/python3.12/dist-packages/matplotlib/mpl-data/fonts/ttf/DejaVuSans-BoldOblique.ttf', name='DejaVu Sans', style='oblique', variant='normal', weight=700, stretch='normal', size='scalable')) = 11.335
2026-04-24 09:05:20  DEBUG     matplotlib.font_manager         findfont: score(FontEntry(fname='/usr/local/lib/python3.12/dist-packages/matplotlib/mpl-data/fonts/ttf/STIXSizTwoSymBol.ttf', name='STIXSizeTwoSym', style='normal', variant='normal', weight=700, stretch='normal', size='scalable')) = 10.335
2026-04-24 09:05:20  DEBUG     matplotlib.font_manager         findfont: score(FontEntry(fname='/usr/local/lib/python3.12/dist-packages/matplotlib/mpl-data/fonts/ttf/STIXSizFiveSymReg.ttf', name='STIXSizeFiveSym', style='normal', variant='normal', weight=400, stretch='normal', size='scalable')) = 10.05
2026-04-24 09:05:20  DEBUG     matplotlib.font_manager         findfont: score(FontEntry(fname='/usr/local/lib/python3.12/dist-packages/matplotlib/mpl-data/fonts/ttf/DejaVuSansMono.ttf', name='DejaVu Sans Mono', style='normal', variant='normal', weight=400, stretch='normal', size='scalable')) = 0.05
2026-04-24 09:05:20  DEBUG     matplotlib.font_manager         findfont: score(FontEntry(fname='/usr/local/lib/python3.12/dist-packages/matplotlib/mpl-data/fonts/ttf/DejaVuSerifDisplay.ttf', name='DejaVu Serif Display', style='normal', variant='normal', weight=400, stretch='normal', size='scalable')) = 10.05
2026-04-24 09:05:20  DEBUG     matplotlib.font_manager         findfont: score(FontEntry(fname='/usr/local/lib/python3.12/dist-packages/matplotlib/mpl-data/fonts/ttf/STIXNonUni.ttf', name='STIXNonUnicode', style='normal', variant='normal', weight=400, stretch='normal', size='scalable')) = 10.05
2026-04-24 09:05:20  DEBUG     matplotlib.font_manager         findfont: score(FontEntry(fname='/usr/local/lib/python3.12/dist-packages/matplotlib/mpl-data/fonts/ttf/cmss10.ttf', name='cmss10', style='normal', variant='normal', weight=400, stretch='normal', size='scalable')) = 10.05
2026-04-24 09:05:20  DEBUG     matplotlib.font_manager         findfont: score(FontEntry(fname='/usr/local/lib/python3.12/dist-packages/matplotlib/mpl-data/fonts/ttf/STIXSizThreeSymReg.ttf', name='STIXSizeThreeSym', style='normal', variant='normal', weight=400, stretch='normal', size='scalable')) = 10.05
2026-04-24 09:05:20  DEBUG     matplotlib.font_manager         findfont: score(FontEntry(fname='/usr/local/lib/python3.12/dist-packages/matplotlib/mpl-data/fonts/ttf/DejaVuSerif-Bold.ttf', name='DejaVu Serif', style='normal', variant='normal', weight=700, stretch='normal', size='scalable')) = 10.335
2026-04-24 09:05:20  DEBUG     matplotlib.font_manager         findfont: score(FontEntry(fname='/usr/local/lib/python3.12/dist-packages/matplotlib/mpl-data/fonts/ttf/STIXNonUniIta.ttf', name='STIXNonUnicode', style='italic', variant='normal', weight=400, stretch='normal', size='scalable')) = 11.05
2026-04-24 09:05:20  DEBUG     matplotlib.font_manager         findfont: score(FontEntry(fname='/usr/local/lib/python3.12/dist-packages/matplotlib/mpl-data/fonts/ttf/STIXSizFourSymBol.ttf', name='STIXSizeFourSym', style='normal', variant='normal', weight=700, stretch='normal', size='scalable')) = 10.335
2026-04-24 09:05:20  DEBUG     matplotlib.font_manager         findfont: score(FontEntry(fname='/usr/local/lib/python3.12/dist-packages/matplotlib/mpl-data/fonts/ttf/cmtt10.ttf', name='cmtt10', style='normal', variant='normal', weight=400, stretch='normal', size='scalable')) = 10.05
2026-04-24 09:05:20  DEBUG     matplotlib.font_manager         findfont: score(FontEntry(fname='/usr/share/fonts/truetype/liberation/LiberationMono-Italic.ttf', name='Liberation Mono', style='italic', variant='normal', weight=400, stretch='normal', size='scalable')) = 11.05
2026-04-24 09:05:20  DEBUG     matplotlib.font_manager         findfont: score(FontEntry(fname='/usr/share/fonts/truetype/liberation/LiberationMono-Regular.ttf', name='Liberation Mono', style='normal', variant='normal', weight=400, stretch='normal', size='scalable')) = 10.05
2026-04-24 09:05:20  DEBUG     matplotlib.font_manager         findfont: score(FontEntry(fname='/usr/share/fonts/truetype/liberation/LiberationSans-Italic.ttf', name='Liberation Sans', style='italic', variant='normal', weight=400, stretch='normal', size='scalable')) = 11.05
2026-04-24 09:05:20  DEBUG     matplotlib.font_manager         findfont: score(FontEntry(fname='/usr/share/fonts/truetype/liberation/LiberationSerif-BoldItalic.ttf', name='Liberation Serif', style='italic', variant='normal', weight=700, stretch='normal', size='scalable')) = 11.335
2026-04-24 09:05:20  DEBUG     matplotlib.font_manager         findfont: score(FontEntry(fname='/usr/share/fonts/truetype/liberation/LiberationSansNarrow-BoldItalic.ttf', name='Liberation Sans Narrow', style='italic', variant='normal', weight=700, stretch='condensed', size='scalable')) = 11.535
2026-04-24 09:05:20  DEBUG     matplotlib.font_manager         findfont: score(FontEntry(fname='/usr/share/fonts/truetype/liberation/LiberationSerif-Bold.ttf', name='Liberation Serif', style='normal', variant='normal', weight=700, stretch='normal', size='scalable')) = 10.335
2026-04-24 09:05:20  DEBUG     matplotlib.font_manager         findfont: score(FontEntry(fname='/usr/share/fonts/truetype/liberation/LiberationMono-Bold.ttf', name='Liberation Mono', style='normal', variant='normal', weight=700, stretch='normal', size='scalable')) = 10.335
2026-04-24 09:05:20  DEBUG     matplotlib.font_manager         findfont: score(FontEntry(fname='/usr/share/fonts/truetype/humor-sans/Humor-Sans.ttf', name='Humor Sans', style='normal', variant='normal', weight=400, stretch='normal', size='scalable')) = 10.05
2026-04-24 09:05:20  DEBUG     matplotlib.font_manager         findfont: score(FontEntry(fname='/usr/share/fonts/truetype/liberation/LiberationMono-BoldItalic.ttf', name='Liberation Mono', style='italic', variant='normal', weight=700, stretch='normal', size='scalable')) = 11.335
2026-04-24 09:05:20  DEBUG     matplotlib.font_manager         findfont: score(FontEntry(fname='/usr/share/fonts/truetype/liberation/LiberationSerif-Regular.ttf', name='Liberation Serif', style='normal', variant='normal', weight=400, stretch='normal', size='scalable')) = 10.05
2026-04-24 09:05:20  DEBUG     matplotlib.font_manager         findfont: score(FontEntry(fname='/usr/share/fonts/truetype/liberation/LiberationSansNarrow-Italic.ttf', name='Liberation Sans Narrow', style='italic', variant='normal', weight=400, stretch='condensed', size='scalable')) = 11.25
2026-04-24 09:05:20  DEBUG     matplotlib.font_manager         findfont: score(FontEntry(fname='/usr/share/fonts/truetype/liberation/LiberationSans-Bold.ttf', name='Liberation Sans', style='normal', variant='normal', weight=700, stretch='normal', size='scalable')) = 10.335
2026-04-24 09:05:20  DEBUG     matplotlib.font_manager         findfont: score(FontEntry(fname='/usr/share/fonts/truetype/liberation/LiberationSans-BoldItalic.ttf', name='Liberation Sans', style='italic', variant='normal', weight=700, stretch='normal', size='scalable')) = 11.335
2026-04-24 09:05:20  DEBUG     matplotlib.font_manager         findfont: score(FontEntry(fname='/usr/share/fonts/truetype/liberation/LiberationSerif-Italic.ttf', name='Liberation Serif', style='italic', variant='normal', weight=400, stretch='normal', size='scalable')) = 11.05
2026-04-24 09:05:20  DEBUG     matplotlib.font_manager         findfont: score(FontEntry(fname='/usr/share/fonts/truetype/liberation/LiberationSansNarrow-Regular.ttf', name='Liberation Sans Narrow', style='normal', variant='normal', weight=400, stretch='condensed', size='scalable')) = 10.25
2026-04-24 09:05:20  DEBUG     matplotlib.font_manager         findfont: score(FontEntry(fname='/usr/share/fonts/truetype/liberation/LiberationSans-Regular.ttf', name='Liberation Sans', style='normal', variant='normal', weight=400, stretch='normal', size='scalable')) = 10.05
2026-04-24 09:05:20  DEBUG     matplotlib.font_manager         findfont: score(FontEntry(fname='/usr/share/fonts/truetype/liberation/LiberationSansNarrow-Bold.ttf', name='Liberation Sans Narrow', style='normal', variant='normal', weight=700, stretch='condensed', size='scalable')) = 10.535
2026-04-24 09:05:20  DEBUG     matplotlib.font_manager         findfont: Matching monospace:style=normal:variant=normal:weight=normal:stretch=normal:size=10.0 to DejaVu Sans Mono ('/usr/local/lib/python3.12/dist-packages/matplotlib/mpl-data/fonts/ttf/DejaVuSansMono.ttf') with score of 0.050000.
2026-04-24 09:05:21  DEBUG     matplotlib.font_manager         findfont: Matching monospace:style=normal:variant=normal:weight=normal:stretch=normal:size=9.0.
2026-04-24 09:05:21  DEBUG     matplotlib.font_manager         findfont: score(FontEntry(fname='/usr/local/lib/python3.12/dist-packages/matplotlib/mpl-data/fonts/ttf/STIXNonUniBol.ttf', name='STIXNonUnicode', style='normal', variant='normal', weight=700, stretch='normal', size='scalable')) = 10.335
2026-04-24 09:05:21  DEBUG     matplotlib.font_manager         findfont: score(FontEntry(fname='/usr/local/lib/python3.12/dist-packages/matplotlib/mpl-data/fonts/ttf/DejaVuSansMono-Oblique.ttf', name='DejaVu Sans Mono', style='oblique', variant='normal', weight=400, stretch='normal', size='scalable')) = 1.05
2026-04-24 09:05:21  DEBUG     matplotlib.font_manager         findfont: score(FontEntry(fname='/usr/local/lib/python3.12/dist-packages/matplotlib/mpl-data/fonts/ttf/DejaVuSansMono-Bold.ttf', name='DejaVu Sans Mono', style='normal', variant='normal', weight=700, stretch='normal', size='scalable')) = 0.33499999999999996
2026-04-24 09:05:21  DEBUG     matplotlib.font_manager         findfont: score(FontEntry(fname='/usr/local/lib/python3.12/dist-packages/matplotlib/mpl-data/fonts/ttf/DejaVuSerif.ttf', name='DejaVu Serif', style='normal', variant='normal', weight=400, stretch='normal', size='scalable')) = 10.05
2026-04-24 09:05:21  DEBUG     matplotlib.font_manager         findfont: score(FontEntry(fname='/usr/local/lib/python3.12/dist-packages/matplotlib/mpl-data/fonts/ttf/DejaVuSans.ttf', name='DejaVu Sans', style='normal', variant='normal', weight=400, stretch='normal', size='scalable')) = 10.05
2026-04-24 09:05:21  DEBUG     matplotlib.font_manager         findfont: score(FontEntry(fname='/usr/local/lib/python3.12/dist-packages/matplotlib/mpl-data/fonts/ttf/DejaVuSerif-BoldItalic.ttf', name='DejaVu Serif', style='italic', variant='normal', weight=700, stretch='normal', size='scalable')) = 11.335
2026-04-24 09:05:21  DEBUG     matplotlib.font_manager         findfont: score(FontEntry(fname='/usr/local/lib/python3.12/dist-packages/matplotlib/mpl-data/fonts/ttf/cmex10.ttf', name='cmex10', style='normal', variant='normal', weight=400, stretch='normal', size='scalable')) = 10.05
2026-04-24 09:05:21  DEBUG     matplotlib.font_manager         findfont: score(FontEntry(fname='/usr/local/lib/python3.12/dist-packages/matplotlib/mpl-data/fonts/ttf/STIXSizOneSymBol.ttf', name='STIXSizeOneSym', style='normal', variant='normal', weight=700, stretch='normal', size='scalable')) = 10.335
2026-04-24 09:05:21  DEBUG     matplotlib.font_manager         findfont: score(FontEntry(fname='/usr/local/lib/python3.12/dist-packages/matplotlib/mpl-data/fonts/ttf/DejaVuSansMono-BoldOblique.ttf', name='DejaVu Sans Mono', style='oblique', variant='normal', weight=700, stretch='normal', size='scalable')) = 1.335
2026-04-24 09:05:21  DEBUG     matplotlib.font_manager         findfont: score(FontEntry(fname='/usr/local/lib/python3.12/dist-packages/matplotlib/mpl-data/fonts/ttf/cmmi10.ttf', name='cmmi10', style='normal', variant='normal', weight=400, stretch='normal', size='scalable')) = 10.05
2026-04-24 09:05:21  DEBUG     matplotlib.font_manager         findfont: score(FontEntry(fname='/usr/local/lib/python3.12/dist-packages/matplotlib/mpl-data/fonts/ttf/DejaVuSans-Oblique.ttf', name='DejaVu Sans', style='oblique', variant='normal', weight=400, stretch='normal', size='scalable')) = 11.05
2026-04-24 09:05:21  DEBUG     matplotlib.font_manager         findfont: score(FontEntry(fname='/usr/local/lib/python3.12/dist-packages/matplotlib/mpl-data/fonts/ttf/DejaVuSerif-Italic.ttf', name='DejaVu Serif', style='italic', variant='normal', weight=400, stretch='normal', size='scalable')) = 11.05
2026-04-24 09:05:21  DEBUG     matplotlib.font_manager         findfont: score(FontEntry(fname='/usr/local/lib/python3.12/dist-packages/matplotlib/mpl-data/fonts/ttf/cmb10.ttf', name='cmb10', style='normal', variant='normal', weight=400, stretch='normal', size='scalable')) = 10.05
2026-04-24 09:05:21  DEBUG     matplotlib.font_manager         findfont: score(FontEntry(fname='/usr/local/lib/python3.12/dist-packages/matplotlib/mpl-data/fonts/ttf/STIXSizOneSymReg.ttf', name='STIXSizeOneSym', style='normal', variant='normal', weight=400, stretch='normal', size='scalable')) = 10.05
2026-04-24 09:05:21  DEBUG     matplotlib.font_manager         findfont: score(FontEntry(fname='/usr/local/lib/python3.12/dist-packages/matplotlib/mpl-data/fonts/ttf/STIXNonUniBolIta.ttf', name='STIXNonUnicode', style='italic', variant='normal', weight=700, stretch='normal', size='scalable')) = 11.335
2026-04-24 09:05:21  DEBUG     matplotlib.font_manager         findfont: score(FontEntry(fname='/usr/local/lib/python3.12/dist-packages/matplotlib/mpl-data/fonts/ttf/STIXSizTwoSymReg.ttf', name='STIXSizeTwoSym', style='normal', variant='normal', weight=400, stretch='normal', size='scalable')) = 10.05
2026-04-24 09:05:21  DEBUG     matplotlib.font_manager         findfont: score(FontEntry(fname='/usr/local/lib/python3.12/dist-packages/matplotlib/mpl-data/fonts/ttf/STIXSizThreeSymBol.ttf', name='STIXSizeThreeSym', style='normal', variant='normal', weight=700, stretch='normal', size='scalable')) = 10.335
2026-04-24 09:05:21  DEBUG     matplotlib.font_manager         findfont: score(FontEntry(fname='/usr/local/lib/python3.12/dist-packages/matplotlib/mpl-data/fonts/ttf/STIXGeneralItalic.ttf', name='STIXGeneral', style='italic', variant='normal', weight=400, stretch='normal', size='scalable')) = 11.05
2026-04-24 09:05:21  DEBUG     matplotlib.font_manager         findfont: score(FontEntry(fname='/usr/local/lib/python3.12/dist-packages/matplotlib/mpl-data/fonts/ttf/STIXGeneralBolIta.ttf', name='STIXGeneral', style='italic', variant='normal', weight=700, stretch='normal', size='scalable')) = 11.335
2026-04-24 09:05:21  DEBUG     matplotlib.font_manager         findfont: score(FontEntry(fname='/usr/local/lib/python3.12/dist-packages/matplotlib/mpl-data/fonts/ttf/cmr10.ttf', name='cmr10', style='normal', variant='normal', weight=400, stretch='normal', size='scalable')) = 10.05
2026-04-24 09:05:21  DEBUG     matplotlib.font_manager         findfont: score(FontEntry(fname='/usr/local/lib/python3.12/dist-packages/matplotlib/mpl-data/fonts/ttf/cmsy10.ttf', name='cmsy10', style='normal', variant='normal', weight=400, stretch='normal', size='scalable')) = 10.05
2026-04-24 09:05:21  DEBUG     matplotlib.font_manager         findfont: score(FontEntry(fname='/usr/local/lib/python3.12/dist-packages/matplotlib/mpl-data/fonts/ttf/STIXSizFourSymReg.ttf', name='STIXSizeFourSym', style='normal', variant='normal', weight=400, stretch='normal', size='scalable')) = 10.05
2026-04-24 09:05:21  DEBUG     matplotlib.font_manager         findfont: score(FontEntry(fname='/usr/local/lib/python3.12/dist-packages/matplotlib/mpl-data/fonts/ttf/STIXGeneralBol.ttf', name='STIXGeneral', style='normal', variant='normal', weight=700, stretch='normal', size='scalable')) = 10.335
2026-04-24 09:05:21  DEBUG     matplotlib.font_manager         findfont: score(FontEntry(fname='/usr/local/lib/python3.12/dist-packages/matplotlib/mpl-data/fonts/ttf/STIXGeneral.ttf', name='STIXGeneral', style='normal', variant='normal', weight=400, stretch='normal', size='scalable')) = 10.05
2026-04-24 09:05:21  DEBUG     matplotlib.font_manager         findfont: score(FontEntry(fname='/usr/local/lib/python3.12/dist-packages/matplotlib/mpl-data/fonts/ttf/DejaVuSansDisplay.ttf', name='DejaVu Sans Display', style='normal', variant='normal', weight=400, stretch='normal', size='scalable')) = 10.05
2026-04-24 09:05:21  DEBUG     matplotlib.font_manager         findfont: score(FontEntry(fname='/usr/local/lib/python3.12/dist-packages/matplotlib/mpl-data/fonts/ttf/DejaVuSans-Bold.ttf', name='DejaVu Sans', style='normal', variant='normal', weight=700, stretch='normal', size='scalable')) = 10.335
2026-04-24 09:05:21  DEBUG     matplotlib.font_manager         findfont: score(FontEntry(fname='/usr/local/lib/python3.12/dist-packages/matplotlib/mpl-data/fonts/ttf/DejaVuSans-BoldOblique.ttf', name='DejaVu Sans', style='oblique', variant='normal', weight=700, stretch='normal', size='scalable')) = 11.335
2026-04-24 09:05:21  DEBUG     matplotlib.font_manager         findfont: score(FontEntry(fname='/usr/local/lib/python3.12/dist-packages/matplotlib/mpl-data/fonts/ttf/STIXSizTwoSymBol.ttf', name='STIXSizeTwoSym', style='normal', variant='normal', weight=700, stretch='normal', size='scalable')) = 10.335
2026-04-24 09:05:21  DEBUG     matplotlib.font_manager         findfont: score(FontEntry(fname='/usr/local/lib/python3.12/dist-packages/matplotlib/mpl-data/fonts/ttf/STIXSizFiveSymReg.ttf', name='STIXSizeFiveSym', style='normal', variant='normal', weight=400, stretch='normal', size='scalable')) = 10.05
2026-04-24 09:05:21  DEBUG     matplotlib.font_manager         findfont: score(FontEntry(fname='/usr/local/lib/python3.12/dist-packages/matplotlib/mpl-data/fonts/ttf/DejaVuSansMono.ttf', name='DejaVu Sans Mono', style='normal', variant='normal', weight=400, stretch='normal', size='scalable')) = 0.05
2026-04-24 09:05:21  DEBUG     matplotlib.font_manager         findfont: score(FontEntry(fname='/usr/local/lib/python3.12/dist-packages/matplotlib/mpl-data/fonts/ttf/DejaVuSerifDisplay.ttf', name='DejaVu Serif Display', style='normal', variant='normal', weight=400, stretch='normal', size='scalable')) = 10.05
2026-04-24 09:05:21  DEBUG     matplotlib.font_manager         findfont: score(FontEntry(fname='/usr/local/lib/python3.12/dist-packages/matplotlib/mpl-data/fonts/ttf/STIXNonUni.ttf', name='STIXNonUnicode', style='normal', variant='normal', weight=400, stretch='normal', size='scalable')) = 10.05
2026-04-24 09:05:21  DEBUG     matplotlib.font_manager         findfont: score(FontEntry(fname='/usr/local/lib/python3.12/dist-packages/matplotlib/mpl-data/fonts/ttf/cmss10.ttf', name='cmss10', style='normal', variant='normal', weight=400, stretch='normal', size='scalable')) = 10.05
2026-04-24 09:05:21  DEBUG     matplotlib.font_manager         findfont: score(FontEntry(fname='/usr/local/lib/python3.12/dist-packages/matplotlib/mpl-data/fonts/ttf/STIXSizThreeSymReg.ttf', name='STIXSizeThreeSym', style='normal', variant='normal', weight=400, stretch='normal', size='scalable')) = 10.05
2026-04-24 09:05:21  DEBUG     matplotlib.font_manager         findfont: score(FontEntry(fname='/usr/local/lib/python3.12/dist-packages/matplotlib/mpl-data/fonts/ttf/DejaVuSerif-Bold.ttf', name='DejaVu Serif', style='normal', variant='normal', weight=700, stretch='normal', size='scalable')) = 10.335
2026-04-24 09:05:21  DEBUG     matplotlib.font_manager         findfont: score(FontEntry(fname='/usr/local/lib/python3.12/dist-packages/matplotlib/mpl-data/fonts/ttf/STIXNonUniIta.ttf', name='STIXNonUnicode', style='italic', variant='normal', weight=400, stretch='normal', size='scalable')) = 11.05
2026-04-24 09:05:21  DEBUG     matplotlib.font_manager         findfont: score(FontEntry(fname='/usr/local/lib/python3.12/dist-packages/matplotlib/mpl-data/fonts/ttf/STIXSizFourSymBol.ttf', name='STIXSizeFourSym', style='normal', variant='normal', weight=700, stretch='normal', size='scalable')) = 10.335
2026-04-24 09:05:21  DEBUG     matplotlib.font_manager         findfont: score(FontEntry(fname='/usr/local/lib/python3.12/dist-packages/matplotlib/mpl-data/fonts/ttf/cmtt10.ttf', name='cmtt10', style='normal', variant='normal', weight=400, stretch='normal', size='scalable')) = 10.05
2026-04-24 09:05:21  DEBUG     matplotlib.font_manager         findfont: score(FontEntry(fname='/usr/share/fonts/truetype/liberation/LiberationMono-Italic.ttf', name='Liberation Mono', style='italic', variant='normal', weight=400, stretch='normal', size='scalable')) = 11.05
2026-04-24 09:05:21  DEBUG     matplotlib.font_manager         findfont: score(FontEntry(fname='/usr/share/fonts/truetype/liberation/LiberationMono-Regular.ttf', name='Liberation Mono', style='normal', variant='normal', weight=400, stretch='normal', size='scalable')) = 10.05
2026-04-24 09:05:21  DEBUG     matplotlib.font_manager         findfont: score(FontEntry(fname='/usr/share/fonts/truetype/liberation/LiberationSans-Italic.ttf', name='Liberation Sans', style='italic', variant='normal', weight=400, stretch='normal', size='scalable')) = 11.05
2026-04-24 09:05:21  DEBUG     matplotlib.font_manager         findfont: score(FontEntry(fname='/usr/share/fonts/truetype/liberation/LiberationSerif-BoldItalic.ttf', name='Liberation Serif', style='italic', variant='normal', weight=700, stretch='normal', size='scalable')) = 11.335
2026-04-24 09:05:21  DEBUG     matplotlib.font_manager         findfont: score(FontEntry(fname='/usr/share/fonts/truetype/liberation/LiberationSansNarrow-BoldItalic.ttf', name='Liberation Sans Narrow', style='italic', variant='normal', weight=700, stretch='condensed', size='scalable')) = 11.535
2026-04-24 09:05:21  DEBUG     matplotlib.font_manager         findfont: score(FontEntry(fname='/usr/share/fonts/truetype/liberation/LiberationSerif-Bold.ttf', name='Liberation Serif', style='normal', variant='normal', weight=700, stretch='normal', size='scalable')) = 10.335
2026-04-24 09:05:21  DEBUG     matplotlib.font_manager         findfont: score(FontEntry(fname='/usr/share/fonts/truetype/liberation/LiberationMono-Bold.ttf', name='Liberation Mono', style='normal', variant='normal', weight=700, stretch='normal', size='scalable')) = 10.335
2026-04-24 09:05:21  DEBUG     matplotlib.font_manager         findfont: score(FontEntry(fname='/usr/share/fonts/truetype/humor-sans/Humor-Sans.ttf', name='Humor Sans', style='normal', variant='normal', weight=400, stretch='normal', size='scalable')) = 10.05
2026-04-24 09:05:21  DEBUG     matplotlib.font_manager         findfont: score(FontEntry(fname='/usr/share/fonts/truetype/liberation/LiberationMono-BoldItalic.ttf', name='Liberation Mono', style='italic', variant='normal', weight=700, stretch='normal', size='scalable')) = 11.335
2026-04-24 09:05:21  DEBUG     matplotlib.font_manager         findfont: score(FontEntry(fname='/usr/share/fonts/truetype/liberation/LiberationSerif-Regular.ttf', name='Liberation Serif', style='normal', variant='normal', weight=400, stretch='normal', size='scalable')) = 10.05
2026-04-24 09:05:21  DEBUG     matplotlib.font_manager         findfont: score(FontEntry(fname='/usr/share/fonts/truetype/liberation/LiberationSansNarrow-Italic.ttf', name='Liberation Sans Narrow', style='italic', variant='normal', weight=400, stretch='condensed', size='scalable')) = 11.25
2026-04-24 09:05:21  DEBUG     matplotlib.font_manager         findfont: score(FontEntry(fname='/usr/share/fonts/truetype/liberation/LiberationSans-Bold.ttf', name='Liberation Sans', style='normal', variant='normal', weight=700, stretch='normal', size='scalable')) = 10.335
2026-04-24 09:05:21  DEBUG     matplotlib.font_manager         findfont: score(FontEntry(fname='/usr/share/fonts/truetype/liberation/LiberationSans-BoldItalic.ttf', name='Liberation Sans', style='italic', variant='normal', weight=700, stretch='normal', size='scalable')) = 11.335
2026-04-24 09:05:21  DEBUG     matplotlib.font_manager         findfont: score(FontEntry(fname='/usr/share/fonts/truetype/liberation/LiberationSerif-Italic.ttf', name='Liberation Serif', style='italic', variant='normal', weight=400, stretch='normal', size='scalable')) = 11.05
2026-04-24 09:05:21  DEBUG     matplotlib.font_manager         findfont: score(FontEntry(fname='/usr/share/fonts/truetype/liberation/LiberationSansNarrow-Regular.ttf', name='Liberation Sans Narrow', style='normal', variant='normal', weight=400, stretch='condensed', size='scalable')) = 10.25
2026-04-24 09:05:21  DEBUG     matplotlib.font_manager         findfont: score(FontEntry(fname='/usr/share/fonts/truetype/liberation/LiberationSans-Regular.ttf', name='Liberation Sans', style='normal', variant='normal', weight=400, stretch='normal', size='scalable')) = 10.05
2026-04-24 09:05:21  DEBUG     matplotlib.font_manager         findfont: score(FontEntry(fname='/usr/share/fonts/truetype/liberation/LiberationSansNarrow-Bold.ttf', name='Liberation Sans Narrow', style='normal', variant='normal', weight=700, stretch='condensed', size='scalable')) = 10.535
2026-04-24 09:05:21  DEBUG     matplotlib.font_manager         findfont: Matching monospace:style=normal:variant=normal:weight=normal:stretch=normal:size=9.0 to DejaVu Sans Mono ('/usr/local/lib/python3.12/dist-packages/matplotlib/mpl-data/fonts/ttf/DejaVuSansMono.ttf') with score of 0.050000.
2026-04-24 09:05:21  DEBUG     matplotlib.font_manager         findfont: Matching monospace:style=normal:variant=normal:weight=bold:stretch=normal:size=10.0.
2026-04-24 09:05:21  DEBUG     matplotlib.font_manager         findfont: score(FontEntry(fname='/usr/local/lib/python3.12/dist-packages/matplotlib/mpl-data/fonts/ttf/STIXNonUniBol.ttf', name='STIXNonUnicode', style='normal', variant='normal', weight=700, stretch='normal', size='scalable')) = 10.05
2026-04-24 09:05:21  DEBUG     matplotlib.font_manager         findfont: score(FontEntry(fname='/usr/local/lib/python3.12/dist-packages/matplotlib/mpl-data/fonts/ttf/DejaVuSansMono-Oblique.ttf', name='DejaVu Sans Mono', style='oblique', variant='normal', weight=400, stretch='normal', size='scalable')) = 1.335
2026-04-24 09:05:21  DEBUG     matplotlib.font_manager         findfont: score(FontEntry(fname='/usr/local/lib/python3.12/dist-packages/matplotlib/mpl-data/fonts/ttf/DejaVuSansMono-Bold.ttf', name='DejaVu Sans Mono', style='normal', variant='normal', weight=700, stretch='normal', size='scalable')) = 0.05
2026-04-24 09:05:21  DEBUG     matplotlib.font_manager         findfont: score(FontEntry(fname='/usr/local/lib/python3.12/dist-packages/matplotlib/mpl-data/fonts/ttf/DejaVuSerif.ttf', name='DejaVu Serif', style='normal', variant='normal', weight=400, stretch='normal', size='scalable')) = 10.335
2026-04-24 09:05:21  DEBUG     matplotlib.font_manager         findfont: score(FontEntry(fname='/usr/local/lib/python3.12/dist-packages/matplotlib/mpl-data/fonts/ttf/DejaVuSans.ttf', name='DejaVu Sans', style='normal', variant='normal', weight=400, stretch='normal', size='scalable')) = 10.335
2026-04-24 09:05:21  DEBUG     matplotlib.font_manager         findfont: score(FontEntry(fname='/usr/local/lib/python3.12/dist-packages/matplotlib/mpl-data/fonts/ttf/DejaVuSerif-BoldItalic.ttf', name='DejaVu Serif', style='italic', variant='normal', weight=700, stretch='normal', size='scalable')) = 11.05
2026-04-24 09:05:21  DEBUG     matplotlib.font_manager         findfont: score(FontEntry(fname='/usr/local/lib/python3.12/dist-packages/matplotlib/mpl-data/fonts/ttf/cmex10.ttf', name='cmex10', style='normal', variant='normal', weight=400, stretch='normal', size='scalable')) = 10.335
2026-04-24 09:05:21  DEBUG     matplotlib.font_manager         findfont: score(FontEntry(fname='/usr/local/lib/python3.12/dist-packages/matplotlib/mpl-data/fonts/ttf/STIXSizOneSymBol.ttf', name='STIXSizeOneSym', style='normal', variant='normal', weight=700, stretch='normal', size='scalable')) = 10.05
2026-04-24 09:05:21  DEBUG     matplotlib.font_manager         findfont: score(FontEntry(fname='/usr/local/lib/python3.12/dist-packages/matplotlib/mpl-data/fonts/ttf/DejaVuSansMono-BoldOblique.ttf', name='DejaVu Sans Mono', style='oblique', variant='normal', weight=700, stretch='normal', size='scalable')) = 1.05
2026-04-24 09:05:21  DEBUG     matplotlib.font_manager         findfont: score(FontEntry(fname='/usr/local/lib/python3.12/dist-packages/matplotlib/mpl-data/fonts/ttf/cmmi10.ttf', name='cmmi10', style='normal', variant='normal', weight=400, stretch='normal', size='scalable')) = 10.335
2026-04-24 09:05:21  DEBUG     matplotlib.font_manager         findfont: score(FontEntry(fname='/usr/local/lib/python3.12/dist-packages/matplotlib/mpl-data/fonts/ttf/DejaVuSans-Oblique.ttf', name='DejaVu Sans', style='oblique', variant='normal', weight=400, stretch='normal', size='scalable')) = 11.335
2026-04-24 09:05:21  DEBUG     matplotlib.font_manager         findfont: score(FontEntry(fname='/usr/local/lib/python3.12/dist-packages/matplotlib/mpl-data/fonts/ttf/DejaVuSerif-Italic.ttf', name='DejaVu Serif', style='italic', variant='normal', weight=400, stretch='normal', size='scalable')) = 11.335
2026-04-24 09:05:21  DEBUG     matplotlib.font_manager         findfont: score(FontEntry(fname='/usr/local/lib/python3.12/dist-packages/matplotlib/mpl-data/fonts/ttf/cmb10.ttf', name='cmb10', style='normal', variant='normal', weight=400, stretch='normal', size='scalable')) = 10.335
2026-04-24 09:05:21  DEBUG     matplotlib.font_manager         findfont: score(FontEntry(fname='/usr/local/lib/python3.12/dist-packages/matplotlib/mpl-data/fonts/ttf/STIXSizOneSymReg.ttf', name='STIXSizeOneSym', style='normal', variant='normal', weight=400, stretch='normal', size='scalable')) = 10.335
2026-04-24 09:05:21  DEBUG     matplotlib.font_manager         findfont: score(FontEntry(fname='/usr/local/lib/python3.12/dist-packages/matplotlib/mpl-data/fonts/ttf/STIXNonUniBolIta.ttf', name='STIXNonUnicode', style='italic', variant='normal', weight=700, stretch='normal', size='scalable')) = 11.05
2026-04-24 09:05:21  DEBUG     matplotlib.font_manager         findfont: score(FontEntry(fname='/usr/local/lib/python3.12/dist-packages/matplotlib/mpl-data/fonts/ttf/STIXSizTwoSymReg.ttf', name='STIXSizeTwoSym', style='normal', variant='normal', weight=400, stretch='normal', size='scalable')) = 10.335
2026-04-24 09:05:21  DEBUG     matplotlib.font_manager         findfont: score(FontEntry(fname='/usr/local/lib/python3.12/dist-packages/matplotlib/mpl-data/fonts/ttf/STIXSizThreeSymBol.ttf', name='STIXSizeThreeSym', style='normal', variant='normal', weight=700, stretch='normal', size='scalable')) = 10.05
2026-04-24 09:05:21  DEBUG     matplotlib.font_manager         findfont: score(FontEntry(fname='/usr/local/lib/python3.12/dist-packages/matplotlib/mpl-data/fonts/ttf/STIXGeneralItalic.ttf', name='STIXGeneral', style='italic', variant='normal', weight=400, stretch='normal', size='scalable')) = 11.335
2026-04-24 09:05:21  DEBUG     matplotlib.font_manager         findfont: score(FontEntry(fname='/usr/local/lib/python3.12/dist-packages/matplotlib/mpl-data/fonts/ttf/STIXGeneralBolIta.ttf', name='STIXGeneral', style='italic', variant='normal', weight=700, stretch='normal', size='scalable')) = 11.05
2026-04-24 09:05:21  DEBUG     matplotlib.font_manager         findfont: score(FontEntry(fname='/usr/local/lib/python3.12/dist-packages/matplotlib/mpl-data/fonts/ttf/cmr10.ttf', name='cmr10', style='normal', variant='normal', weight=400, stretch='normal', size='scalable')) = 10.335
2026-04-24 09:05:21  DEBUG     matplotlib.font_manager         findfont: score(FontEntry(fname='/usr/local/lib/python3.12/dist-packages/matplotlib/mpl-data/fonts/ttf/cmsy10.ttf', name='cmsy10', style='normal', variant='normal', weight=400, stretch='normal', size='scalable')) = 10.335
2026-04-24 09:05:21  DEBUG     matplotlib.font_manager         findfont: score(FontEntry(fname='/usr/local/lib/python3.12/dist-packages/matplotlib/mpl-data/fonts/ttf/STIXSizFourSymReg.ttf', name='STIXSizeFourSym', style='normal', variant='normal', weight=400, stretch='normal', size='scalable')) = 10.335
2026-04-24 09:05:21  DEBUG     matplotlib.font_manager         findfont: score(FontEntry(fname='/usr/local/lib/python3.12/dist-packages/matplotlib/mpl-data/fonts/ttf/STIXGeneralBol.ttf', name='STIXGeneral', style='normal', variant='normal', weight=700, stretch='normal', size='scalable')) = 10.05
2026-04-24 09:05:21  DEBUG     matplotlib.font_manager         findfont: score(FontEntry(fname='/usr/local/lib/python3.12/dist-packages/matplotlib/mpl-data/fonts/ttf/STIXGeneral.ttf', name='STIXGeneral', style='normal', variant='normal', weight=400, stretch='normal', size='scalable')) = 10.335
2026-04-24 09:05:21  DEBUG     matplotlib.font_manager         findfont: score(FontEntry(fname='/usr/local/lib/python3.12/dist-packages/matplotlib/mpl-data/fonts/ttf/DejaVuSansDisplay.ttf', name='DejaVu Sans Display', style='normal', variant='normal', weight=400, stretch='normal', size='scalable')) = 10.335
2026-04-24 09:05:21  DEBUG     matplotlib.font_manager         findfont: score(FontEntry(fname='/usr/local/lib/python3.12/dist-packages/matplotlib/mpl-data/fonts/ttf/DejaVuSans-Bold.ttf', name='DejaVu Sans', style='normal', variant='normal', weight=700, stretch='normal', size='scalable')) = 10.05
2026-04-24 09:05:21  DEBUG     matplotlib.font_manager         findfont: score(FontEntry(fname='/usr/local/lib/python3.12/dist-packages/matplotlib/mpl-data/fonts/ttf/DejaVuSans-BoldOblique.ttf', name='DejaVu Sans', style='oblique', variant='normal', weight=700, stretch='normal', size='scalable')) = 11.05
2026-04-24 09:05:21  DEBUG     matplotlib.font_manager         findfont: score(FontEntry(fname='/usr/local/lib/python3.12/dist-packages/matplotlib/mpl-data/fonts/ttf/STIXSizTwoSymBol.ttf', name='STIXSizeTwoSym', style='normal', variant='normal', weight=700, stretch='normal', size='scalable')) = 10.05
2026-04-24 09:05:21  DEBUG     matplotlib.font_manager         findfont: score(FontEntry(fname='/usr/local/lib/python3.12/dist-packages/matplotlib/mpl-data/fonts/ttf/STIXSizFiveSymReg.ttf', name='STIXSizeFiveSym', style='normal', variant='normal', weight=400, stretch='normal', size='scalable')) = 10.335
2026-04-24 09:05:21  DEBUG     matplotlib.font_manager         findfont: score(FontEntry(fname='/usr/local/lib/python3.12/dist-packages/matplotlib/mpl-data/fonts/ttf/DejaVuSansMono.ttf', name='DejaVu Sans Mono', style='normal', variant='normal', weight=400, stretch='normal', size='scalable')) = 0.33499999999999996
2026-04-24 09:05:21  DEBUG     matplotlib.font_manager         findfont: score(FontEntry(fname='/usr/local/lib/python3.12/dist-packages/matplotlib/mpl-data/fonts/ttf/DejaVuSerifDisplay.ttf', name='DejaVu Serif Display', style='normal', variant='normal', weight=400, stretch='normal', size='scalable')) = 10.335
2026-04-24 09:05:21  DEBUG     matplotlib.font_manager         findfont: score(FontEntry(fname='/usr/local/lib/python3.12/dist-packages/matplotlib/mpl-data/fonts/ttf/STIXNonUni.ttf', name='STIXNonUnicode', style='normal', variant='normal', weight=400, stretch='normal', size='scalable')) = 10.335
2026-04-24 09:05:21  DEBUG     matplotlib.font_manager         findfont: score(FontEntry(fname='/usr/local/lib/python3.12/dist-packages/matplotlib/mpl-data/fonts/ttf/cmss10.ttf', name='cmss10', style='normal', variant='normal', weight=400, stretch='normal', size='scalable')) = 10.335
2026-04-24 09:05:21  DEBUG     matplotlib.font_manager         findfont: score(FontEntry(fname='/usr/local/lib/python3.12/dist-packages/matplotlib/mpl-data/fonts/ttf/STIXSizThreeSymReg.ttf', name='STIXSizeThreeSym', style='normal', variant='normal', weight=400, stretch='normal', size='scalable')) = 10.335
2026-04-24 09:05:21  DEBUG     matplotlib.font_manager         findfont: score(FontEntry(fname='/usr/local/lib/python3.12/dist-packages/matplotlib/mpl-data/fonts/ttf/DejaVuSerif-Bold.ttf', name='DejaVu Serif', style='normal', variant='normal', weight=700, stretch='normal', size='scalable')) = 10.05
2026-04-24 09:05:21  DEBUG     matplotlib.font_manager         findfont: score(FontEntry(fname='/usr/local/lib/python3.12/dist-packages/matplotlib/mpl-data/fonts/ttf/STIXNonUniIta.ttf', name='STIXNonUnicode', style='italic', variant='normal', weight=400, stretch='normal', size='scalable')) = 11.335
2026-04-24 09:05:21  DEBUG     matplotlib.font_manager         findfont: score(FontEntry(fname='/usr/local/lib/python3.12/dist-packages/matplotlib/mpl-data/fonts/ttf/STIXSizFourSymBol.ttf', name='STIXSizeFourSym', style='normal', variant='normal', weight=700, stretch='normal', size='scalable')) = 10.05
2026-04-24 09:05:21  DEBUG     matplotlib.font_manager         findfont: score(FontEntry(fname='/usr/local/lib/python3.12/dist-packages/matplotlib/mpl-data/fonts/ttf/cmtt10.ttf', name='cmtt10', style='normal', variant='normal', weight=400, stretch='normal', size='scalable')) = 10.335
2026-04-24 09:05:21  DEBUG     matplotlib.font_manager         findfont: score(FontEntry(fname='/usr/share/fonts/truetype/liberation/LiberationMono-Italic.ttf', name='Liberation Mono', style='italic', variant='normal', weight=400, stretch='normal', size='scalable')) = 11.335
2026-04-24 09:05:21  DEBUG     matplotlib.font_manager         findfont: score(FontEntry(fname='/usr/share/fonts/truetype/liberation/LiberationMono-Regular.ttf', name='Liberation Mono', style='normal', variant='normal', weight=400, stretch='normal', size='scalable')) = 10.335
2026-04-24 09:05:21  DEBUG     matplotlib.font_manager         findfont: score(FontEntry(fname='/usr/share/fonts/truetype/liberation/LiberationSans-Italic.ttf', name='Liberation Sans', style='italic', variant='normal', weight=400, stretch='normal', size='scalable')) = 11.335
2026-04-24 09:05:21  DEBUG     matplotlib.font_manager         findfont: score(FontEntry(fname='/usr/share/fonts/truetype/liberation/LiberationSerif-BoldItalic.ttf', name='Liberation Serif', style='italic', variant='normal', weight=700, stretch='normal', size='scalable')) = 11.05
2026-04-24 09:05:21  DEBUG     matplotlib.font_manager         findfont: score(FontEntry(fname='/usr/share/fonts/truetype/liberation/LiberationSansNarrow-BoldItalic.ttf', name='Liberation Sans Narrow', style='italic', variant='normal', weight=700, stretch='condensed', size='scalable')) = 11.25
2026-04-24 09:05:21  DEBUG     matplotlib.font_manager         findfont: score(FontEntry(fname='/usr/share/fonts/truetype/liberation/LiberationSerif-Bold.ttf', name='Liberation Serif', style='normal', variant='normal', weight=700, stretch='normal', size='scalable')) = 10.05
2026-04-24 09:05:21  DEBUG     matplotlib.font_manager         findfont: score(FontEntry(fname='/usr/share/fonts/truetype/liberation/LiberationMono-Bold.ttf', name='Liberation Mono', style='normal', variant='normal', weight=700, stretch='normal', size='scalable')) = 10.05
2026-04-24 09:05:21  DEBUG     matplotlib.font_manager         findfont: score(FontEntry(fname='/usr/share/fonts/truetype/humor-sans/Humor-Sans.ttf', name='Humor Sans', style='normal', variant='normal', weight=400, stretch='normal', size='scalable')) = 10.335
2026-04-24 09:05:21  DEBUG     matplotlib.font_manager         findfont: score(FontEntry(fname='/usr/share/fonts/truetype/liberation/LiberationMono-BoldItalic.ttf', name='Liberation Mono', style='italic', variant='normal', weight=700, stretch='normal', size='scalable')) = 11.05
2026-04-24 09:05:21  DEBUG     matplotlib.font_manager         findfont: score(FontEntry(fname='/usr/share/fonts/truetype/liberation/LiberationSerif-Regular.ttf', name='Liberation Serif', style='normal', variant='normal', weight=400, stretch='normal', size='scalable')) = 10.335
2026-04-24 09:05:21  DEBUG     matplotlib.font_manager         findfont: score(FontEntry(fname='/usr/share/fonts/truetype/liberation/LiberationSansNarrow-Italic.ttf', name='Liberation Sans Narrow', style='italic', variant='normal', weight=400, stretch='condensed', size='scalable')) = 11.535
2026-04-24 09:05:21  DEBUG     matplotlib.font_manager         findfont: score(FontEntry(fname='/usr/share/fonts/truetype/liberation/LiberationSans-Bold.ttf', name='Liberation Sans', style='normal', variant='normal', weight=700, stretch='normal', size='scalable')) = 10.05
2026-04-24 09:05:21  DEBUG     matplotlib.font_manager         findfont: score(FontEntry(fname='/usr/share/fonts/truetype/liberation/LiberationSans-BoldItalic.ttf', name='Liberation Sans', style='italic', variant='normal', weight=700, stretch='normal', size='scalable')) = 11.05
2026-04-24 09:05:21  DEBUG     matplotlib.font_manager         findfont: score(FontEntry(fname='/usr/share/fonts/truetype/liberation/LiberationSerif-Italic.ttf', name='Liberation Serif', style='italic', variant='normal', weight=400, stretch='normal', size='scalable')) = 11.335
2026-04-24 09:05:21  DEBUG     matplotlib.font_manager         findfont: score(FontEntry(fname='/usr/share/fonts/truetype/liberation/LiberationSansNarrow-Regular.ttf', name='Liberation Sans Narrow', style='normal', variant='normal', weight=400, stretch='condensed', size='scalable')) = 10.535
2026-04-24 09:05:21  DEBUG     matplotlib.font_manager         findfont: score(FontEntry(fname='/usr/share/fonts/truetype/liberation/LiberationSans-Regular.ttf', name='Liberation Sans', style='normal', variant='normal', weight=400, stretch='normal', size='scalable')) = 10.335
2026-04-24 09:05:21  DEBUG     matplotlib.font_manager         findfont: score(FontEntry(fname='/usr/share/fonts/truetype/liberation/LiberationSansNarrow-Bold.ttf', name='Liberation Sans Narrow', style='normal', variant='normal', weight=700, stretch='condensed', size='scalable')) = 10.25
2026-04-24 09:05:21  DEBUG     matplotlib.font_manager         findfont: Matching monospace:style=normal:variant=normal:weight=bold:stretch=normal:size=10.0 to DejaVu Sans Mono ('/usr/local/lib/python3.12/dist-packages/matplotlib/mpl-data/fonts/ttf/DejaVuSansMono-Bold.ttf') with score of 0.050000.
2026-04-24 09:05:21  DEBUG     matplotlib.font_manager         findfont: Matching monospace:style=normal:variant=normal:weight=normal:stretch=normal:size=8.0.
2026-04-24 09:05:21  DEBUG     matplotlib.font_manager         findfont: score(FontEntry(fname='/usr/local/lib/python3.12/dist-packages/matplotlib/mpl-data/fonts/ttf/STIXNonUniBol.ttf', name='STIXNonUnicode', style='normal', variant='normal', weight=700, stretch='normal', size='scalable')) = 10.335
2026-04-24 09:05:21  DEBUG     matplotlib.font_manager         findfont: score(FontEntry(fname='/usr/local/lib/python3.12/dist-packages/matplotlib/mpl-data/fonts/ttf/DejaVuSansMono-Oblique.ttf', name='DejaVu Sans Mono', style='oblique', variant='normal', weight=400, stretch='normal', size='scalable')) = 1.05
2026-04-24 09:05:21  DEBUG     matplotlib.font_manager         findfont: score(FontEntry(fname='/usr/local/lib/python3.12/dist-packages/matplotlib/mpl-data/fonts/ttf/DejaVuSansMono-Bold.ttf', name='DejaVu Sans Mono', style='normal', variant='normal', weight=700, stretch='normal', size='scalable')) = 0.33499999999999996
2026-04-24 09:05:21  DEBUG     matplotlib.font_manager         findfont: score(FontEntry(fname='/usr/local/lib/python3.12/dist-packages/matplotlib/mpl-data/fonts/ttf/DejaVuSerif.ttf', name='DejaVu Serif', style='normal', variant='normal', weight=400, stretch='normal', size='scalable')) = 10.05
2026-04-24 09:05:21  DEBUG     matplotlib.font_manager         findfont: score(FontEntry(fname='/usr/local/lib/python3.12/dist-packages/matplotlib/mpl-data/fonts/ttf/DejaVuSans.ttf', name='DejaVu Sans', style='normal', variant='normal', weight=400, stretch='normal', size='scalable')) = 10.05
2026-04-24 09:05:21  DEBUG     matplotlib.font_manager         findfont: score(FontEntry(fname='/usr/local/lib/python3.12/dist-packages/matplotlib/mpl-data/fonts/ttf/DejaVuSerif-BoldItalic.ttf', name='DejaVu Serif', style='italic', variant='normal', weight=700, stretch='normal', size='scalable')) = 11.335
2026-04-24 09:05:21  DEBUG     matplotlib.font_manager         findfont: score(FontEntry(fname='/usr/local/lib/python3.12/dist-packages/matplotlib/mpl-data/fonts/ttf/cmex10.ttf', name='cmex10', style='normal', variant='normal', weight=400, stretch='normal', size='scalable')) = 10.05
2026-04-24 09:05:21  DEBUG     matplotlib.font_manager         findfont: score(FontEntry(fname='/usr/local/lib/python3.12/dist-packages/matplotlib/mpl-data/fonts/ttf/STIXSizOneSymBol.ttf', name='STIXSizeOneSym', style='normal', variant='normal', weight=700, stretch='normal', size='scalable')) = 10.335
2026-04-24 09:05:21  DEBUG     matplotlib.font_manager         findfont: score(FontEntry(fname='/usr/local/lib/python3.12/dist-packages/matplotlib/mpl-data/fonts/ttf/DejaVuSansMono-BoldOblique.ttf', name='DejaVu Sans Mono', style='oblique', variant='normal', weight=700, stretch='normal', size='scalable')) = 1.335
2026-04-24 09:05:21  DEBUG     matplotlib.font_manager         findfont: score(FontEntry(fname='/usr/local/lib/python3.12/dist-packages/matplotlib/mpl-data/fonts/ttf/cmmi10.ttf', name='cmmi10', style='normal', variant='normal', weight=400, stretch='normal', size='scalable')) = 10.05
2026-04-24 09:05:21  DEBUG     matplotlib.font_manager         findfont: score(FontEntry(fname='/usr/local/lib/python3.12/dist-packages/matplotlib/mpl-data/fonts/ttf/DejaVuSans-Oblique.ttf', name='DejaVu Sans', style='oblique', variant='normal', weight=400, stretch='normal', size='scalable')) = 11.05
2026-04-24 09:05:21  DEBUG     matplotlib.font_manager         findfont: score(FontEntry(fname='/usr/local/lib/python3.12/dist-packages/matplotlib/mpl-data/fonts/ttf/DejaVuSerif-Italic.ttf', name='DejaVu Serif', style='italic', variant='normal', weight=400, stretch='normal', size='scalable')) = 11.05
2026-04-24 09:05:21  DEBUG     matplotlib.font_manager         findfont: score(FontEntry(fname='/usr/local/lib/python3.12/dist-packages/matplotlib/mpl-data/fonts/ttf/cmb10.ttf', name='cmb10', style='normal', variant='normal', weight=400, stretch='normal', size='scalable')) = 10.05
2026-04-24 09:05:21  DEBUG     matplotlib.font_manager         findfont: score(FontEntry(fname='/usr/local/lib/python3.12/dist-packages/matplotlib/mpl-data/fonts/ttf/STIXSizOneSymReg.ttf', name='STIXSizeOneSym', style='normal', variant='normal', weight=400, stretch='normal', size='scalable')) = 10.05
2026-04-24 09:05:21  DEBUG     matplotlib.font_manager         findfont: score(FontEntry(fname='/usr/local/lib/python3.12/dist-packages/matplotlib/mpl-data/fonts/ttf/STIXNonUniBolIta.ttf', name='STIXNonUnicode', style='italic', variant='normal', weight=700, stretch='normal', size='scalable')) = 11.335
2026-04-24 09:05:21  DEBUG     matplotlib.font_manager         findfont: score(FontEntry(fname='/usr/local/lib/python3.12/dist-packages/matplotlib/mpl-data/fonts/ttf/STIXSizTwoSymReg.ttf', name='STIXSizeTwoSym', style='normal', variant='normal', weight=400, stretch='normal', size='scalable')) = 10.05
2026-04-24 09:05:21  DEBUG     matplotlib.font_manager         findfont: score(FontEntry(fname='/usr/local/lib/python3.12/dist-packages/matplotlib/mpl-data/fonts/ttf/STIXSizThreeSymBol.ttf', name='STIXSizeThreeSym', style='normal', variant='normal', weight=700, stretch='normal', size='scalable')) = 10.335
2026-04-24 09:05:21  DEBUG     matplotlib.font_manager         findfont: score(FontEntry(fname='/usr/local/lib/python3.12/dist-packages/matplotlib/mpl-data/fonts/ttf/STIXGeneralItalic.ttf', name='STIXGeneral', style='italic', variant='normal', weight=400, stretch='normal', size='scalable')) = 11.05
2026-04-24 09:05:21  DEBUG     matplotlib.font_manager         findfont: score(FontEntry(fname='/usr/local/lib/python3.12/dist-packages/matplotlib/mpl-data/fonts/ttf/STIXGeneralBolIta.ttf', name='STIXGeneral', style='italic', variant='normal', weight=700, stretch='normal', size='scalable')) = 11.335
2026-04-24 09:05:21  DEBUG     matplotlib.font_manager         findfont: score(FontEntry(fname='/usr/local/lib/python3.12/dist-packages/matplotlib/mpl-data/fonts/ttf/cmr10.ttf', name='cmr10', style='normal', variant='normal', weight=400, stretch='normal', size='scalable')) = 10.05
2026-04-24 09:05:21  DEBUG     matplotlib.font_manager         findfont: score(FontEntry(fname='/usr/local/lib/python3.12/dist-packages/matplotlib/mpl-data/fonts/ttf/cmsy10.ttf', name='cmsy10', style='normal', variant='normal', weight=400, stretch='normal', size='scalable')) = 10.05
2026-04-24 09:05:21  DEBUG     matplotlib.font_manager         findfont: score(FontEntry(fname='/usr/local/lib/python3.12/dist-packages/matplotlib/mpl-data/fonts/ttf/STIXSizFourSymReg.ttf', name='STIXSizeFourSym', style='normal', variant='normal', weight=400, stretch='normal', size='scalable')) = 10.05
2026-04-24 09:05:21  DEBUG     matplotlib.font_manager         findfont: score(FontEntry(fname='/usr/local/lib/python3.12/dist-packages/matplotlib/mpl-data/fonts/ttf/STIXGeneralBol.ttf', name='STIXGeneral', style='normal', variant='normal', weight=700, stretch='normal', size='scalable')) = 10.335
2026-04-24 09:05:21  DEBUG     matplotlib.font_manager         findfont: score(FontEntry(fname='/usr/local/lib/python3.12/dist-packages/matplotlib/mpl-data/fonts/ttf/STIXGeneral.ttf', name='STIXGeneral', style='normal', variant='normal', weight=400, stretch='normal', size='scalable')) = 10.05
2026-04-24 09:05:21  DEBUG     matplotlib.font_manager         findfont: score(FontEntry(fname='/usr/local/lib/python3.12/dist-packages/matplotlib/mpl-data/fonts/ttf/DejaVuSansDisplay.ttf', name='DejaVu Sans Display', style='normal', variant='normal', weight=400, stretch='normal', size='scalable')) = 10.05
2026-04-24 09:05:21  DEBUG     matplotlib.font_manager         findfont: score(FontEntry(fname='/usr/local/lib/python3.12/dist-packages/matplotlib/mpl-data/fonts/ttf/DejaVuSans-Bold.ttf', name='DejaVu Sans', style='normal', variant='normal', weight=700, stretch='normal', size='scalable')) = 10.335
2026-04-24 09:05:21  DEBUG     matplotlib.font_manager         findfont: score(FontEntry(fname='/usr/local/lib/python3.12/dist-packages/matplotlib/mpl-data/fonts/ttf/DejaVuSans-BoldOblique.ttf', name='DejaVu Sans', style='oblique', variant='normal', weight=700, stretch='normal', size='scalable')) = 11.335
2026-04-24 09:05:21  DEBUG     matplotlib.font_manager         findfont: score(FontEntry(fname='/usr/local/lib/python3.12/dist-packages/matplotlib/mpl-data/fonts/ttf/STIXSizTwoSymBol.ttf', name='STIXSizeTwoSym', style='normal', variant='normal', weight=700, stretch='normal', size='scalable')) = 10.335
2026-04-24 09:05:21  DEBUG     matplotlib.font_manager         findfont: score(FontEntry(fname='/usr/local/lib/python3.12/dist-packages/matplotlib/mpl-data/fonts/ttf/STIXSizFiveSymReg.ttf', name='STIXSizeFiveSym', style='normal', variant='normal', weight=400, stretch='normal', size='scalable')) = 10.05
2026-04-24 09:05:21  DEBUG     matplotlib.font_manager         findfont: score(FontEntry(fname='/usr/local/lib/python3.12/dist-packages/matplotlib/mpl-data/fonts/ttf/DejaVuSansMono.ttf', name='DejaVu Sans Mono', style='normal', variant='normal', weight=400, stretch='normal', size='scalable')) = 0.05
2026-04-24 09:05:21  DEBUG     matplotlib.font_manager         findfont: score(FontEntry(fname='/usr/local/lib/python3.12/dist-packages/matplotlib/mpl-data/fonts/ttf/DejaVuSerifDisplay.ttf', name='DejaVu Serif Display', style='normal', variant='normal', weight=400, stretch='normal', size='scalable')) = 10.05
2026-04-24 09:05:21  DEBUG     matplotlib.font_manager         findfont: score(FontEntry(fname='/usr/local/lib/python3.12/dist-packages/matplotlib/mpl-data/fonts/ttf/STIXNonUni.ttf', name='STIXNonUnicode', style='normal', variant='normal', weight=400, stretch='normal', size='scalable')) = 10.05
2026-04-24 09:05:21  DEBUG     matplotlib.font_manager         findfont: score(FontEntry(fname='/usr/local/lib/python3.12/dist-packages/matplotlib/mpl-data/fonts/ttf/cmss10.ttf', name='cmss10', style='normal', variant='normal', weight=400, stretch='normal', size='scalable')) = 10.05
2026-04-24 09:05:21  DEBUG     matplotlib.font_manager         findfont: score(FontEntry(fname='/usr/local/lib/python3.12/dist-packages/matplotlib/mpl-data/fonts/ttf/STIXSizThreeSymReg.ttf', name='STIXSizeThreeSym', style='normal', variant='normal', weight=400, stretch='normal', size='scalable')) = 10.05
2026-04-24 09:05:21  DEBUG     matplotlib.font_manager         findfont: score(FontEntry(fname='/usr/local/lib/python3.12/dist-packages/matplotlib/mpl-data/fonts/ttf/DejaVuSerif-Bold.ttf', name='DejaVu Serif', style='normal', variant='normal', weight=700, stretch='normal', size='scalable')) = 10.335
2026-04-24 09:05:21  DEBUG     matplotlib.font_manager         findfont: score(FontEntry(fname='/usr/local/lib/python3.12/dist-packages/matplotlib/mpl-data/fonts/ttf/STIXNonUniIta.ttf', name='STIXNonUnicode', style='italic', variant='normal', weight=400, stretch='normal', size='scalable')) = 11.05
2026-04-24 09:05:21  DEBUG     matplotlib.font_manager         findfont: score(FontEntry(fname='/usr/local/lib/python3.12/dist-packages/matplotlib/mpl-data/fonts/ttf/STIXSizFourSymBol.ttf', name='STIXSizeFourSym', style='normal', variant='normal', weight=700, stretch='normal', size='scalable')) = 10.335
2026-04-24 09:05:21  DEBUG     matplotlib.font_manager         findfont: score(FontEntry(fname='/usr/local/lib/python3.12/dist-packages/matplotlib/mpl-data/fonts/ttf/cmtt10.ttf', name='cmtt10', style='normal', variant='normal', weight=400, stretch='normal', size='scalable')) = 10.05
2026-04-24 09:05:21  DEBUG     matplotlib.font_manager         findfont: score(FontEntry(fname='/usr/share/fonts/truetype/liberation/LiberationMono-Italic.ttf', name='Liberation Mono', style='italic', variant='normal', weight=400, stretch='normal', size='scalable')) = 11.05
2026-04-24 09:05:21  DEBUG     matplotlib.font_manager         findfont: score(FontEntry(fname='/usr/share/fonts/truetype/liberation/LiberationMono-Regular.ttf', name='Liberation Mono', style='normal', variant='normal', weight=400, stretch='normal', size='scalable')) = 10.05
2026-04-24 09:05:21  DEBUG     matplotlib.font_manager         findfont: score(FontEntry(fname='/usr/share/fonts/truetype/liberation/LiberationSans-Italic.ttf', name='Liberation Sans', style='italic', variant='normal', weight=400, stretch='normal', size='scalable')) = 11.05
2026-04-24 09:05:21  DEBUG     matplotlib.font_manager         findfont: score(FontEntry(fname='/usr/share/fonts/truetype/liberation/LiberationSerif-BoldItalic.ttf', name='Liberation Serif', style='italic', variant='normal', weight=700, stretch='normal', size='scalable')) = 11.335
2026-04-24 09:05:21  DEBUG     matplotlib.font_manager         findfont: score(FontEntry(fname='/usr/share/fonts/truetype/liberation/LiberationSansNarrow-BoldItalic.ttf', name='Liberation Sans Narrow', style='italic', variant='normal', weight=700, stretch='condensed', size='scalable')) = 11.535
2026-04-24 09:05:21  DEBUG     matplotlib.font_manager         findfont: score(FontEntry(fname='/usr/share/fonts/truetype/liberation/LiberationSerif-Bold.ttf', name='Liberation Serif', style='normal', variant='normal', weight=700, stretch='normal', size='scalable')) = 10.335
2026-04-24 09:05:21  DEBUG     matplotlib.font_manager         findfont: score(FontEntry(fname='/usr/share/fonts/truetype/liberation/LiberationMono-Bold.ttf', name='Liberation Mono', style='normal', variant='normal', weight=700, stretch='normal', size='scalable')) = 10.335
2026-04-24 09:05:21  DEBUG     matplotlib.font_manager         findfont: score(FontEntry(fname='/usr/share/fonts/truetype/humor-sans/Humor-Sans.ttf', name='Humor Sans', style='normal', variant='normal', weight=400, stretch='normal', size='scalable')) = 10.05
2026-04-24 09:05:21  DEBUG     matplotlib.font_manager         findfont: score(FontEntry(fname='/usr/share/fonts/truetype/liberation/LiberationMono-BoldItalic.ttf', name='Liberation Mono', style='italic', variant='normal', weight=700, stretch='normal', size='scalable')) = 11.335
2026-04-24 09:05:21  DEBUG     matplotlib.font_manager         findfont: score(FontEntry(fname='/usr/share/fonts/truetype/liberation/LiberationSerif-Regular.ttf', name='Liberation Serif', style='normal', variant='normal', weight=400, stretch='normal', size='scalable')) = 10.05
2026-04-24 09:05:21  DEBUG     matplotlib.font_manager         findfont: score(FontEntry(fname='/usr/share/fonts/truetype/liberation/LiberationSansNarrow-Italic.ttf', name='Liberation Sans Narrow', style='italic', variant='normal', weight=400, stretch='condensed', size='scalable')) = 11.25
2026-04-24 09:05:21  DEBUG     matplotlib.font_manager         findfont: score(FontEntry(fname='/usr/share/fonts/truetype/liberation/LiberationSans-Bold.ttf', name='Liberation Sans', style='normal', variant='normal', weight=700, stretch='normal', size='scalable')) = 10.335
2026-04-24 09:05:21  DEBUG     matplotlib.font_manager         findfont: score(FontEntry(fname='/usr/share/fonts/truetype/liberation/LiberationSans-BoldItalic.ttf', name='Liberation Sans', style='italic', variant='normal', weight=700, stretch='normal', size='scalable')) = 11.335
2026-04-24 09:05:21  DEBUG     matplotlib.font_manager         findfont: score(FontEntry(fname='/usr/share/fonts/truetype/liberation/LiberationSerif-Italic.ttf', name='Liberation Serif', style='italic', variant='normal', weight=400, stretch='normal', size='scalable')) = 11.05
2026-04-24 09:05:21  DEBUG     matplotlib.font_manager         findfont: score(FontEntry(fname='/usr/share/fonts/truetype/liberation/LiberationSansNarrow-Regular.ttf', name='Liberation Sans Narrow', style='normal', variant='normal', weight=400, stretch='condensed', size='scalable')) = 10.25
2026-04-24 09:05:21  DEBUG     matplotlib.font_manager         findfont: score(FontEntry(fname='/usr/share/fonts/truetype/liberation/LiberationSans-Regular.ttf', name='Liberation Sans', style='normal', variant='normal', weight=400, stretch='normal', size='scalable')) = 10.05
2026-04-24 09:05:21  DEBUG     matplotlib.font_manager         findfont: score(FontEntry(fname='/usr/share/fonts/truetype/liberation/LiberationSansNarrow-Bold.ttf', name='Liberation Sans Narrow', style='normal', variant='normal', weight=700, stretch='condensed', size='scalable')) = 10.535
2026-04-24 09:05:21  DEBUG     matplotlib.font_manager         findfont: Matching monospace:style=normal:variant=normal:weight=normal:stretch=normal:size=8.0 to DejaVu Sans Mono ('/usr/local/lib/python3.12/dist-packages/matplotlib/mpl-data/fonts/ttf/DejaVuSansMono.ttf') with score of 0.050000.
2026-04-24 09:05:21  DEBUG     matplotlib.font_manager         findfont: Matching monospace:style=normal:variant=normal:weight=normal:stretch=normal:size=7.0.
2026-04-24 09:05:21  DEBUG     matplotlib.font_manager         findfont: score(FontEntry(fname='/usr/local/lib/python3.12/dist-packages/matplotlib/mpl-data/fonts/ttf/STIXNonUniBol.ttf', name='STIXNonUnicode', style='normal', variant='normal', weight=700, stretch='normal', size='scalable')) = 10.335
2026-04-24 09:05:21  DEBUG     matplotlib.font_manager         findfont: score(FontEntry(fname='/usr/local/lib/python3.12/dist-packages/matplotlib/mpl-data/fonts/ttf/DejaVuSansMono-Oblique.ttf', name='DejaVu Sans Mono', style='oblique', variant='normal', weight=400, stretch='normal', size='scalable')) = 1.05
2026-04-24 09:05:21  DEBUG     matplotlib.font_manager         findfont: score(FontEntry(fname='/usr/local/lib/python3.12/dist-packages/matplotlib/mpl-data/fonts/ttf/DejaVuSansMono-Bold.ttf', name='DejaVu Sans Mono', style='normal', variant='normal', weight=700, stretch='normal', size='scalable')) = 0.33499999999999996
2026-04-24 09:05:21  DEBUG     matplotlib.font_manager         findfont: score(FontEntry(fname='/usr/local/lib/python3.12/dist-packages/matplotlib/mpl-data/fonts/ttf/DejaVuSerif.ttf', name='DejaVu Serif', style='normal', variant='normal', weight=400, stretch='normal', size='scalable')) = 10.05
2026-04-24 09:05:21  DEBUG     matplotlib.font_manager         findfont: score(FontEntry(fname='/usr/local/lib/python3.12/dist-packages/matplotlib/mpl-data/fonts/ttf/DejaVuSans.ttf', name='DejaVu Sans', style='normal', variant='normal', weight=400, stretch='normal', size='scalable')) = 10.05
2026-04-24 09:05:21  DEBUG     matplotlib.font_manager         findfont: score(FontEntry(fname='/usr/local/lib/python3.12/dist-packages/matplotlib/mpl-data/fonts/ttf/DejaVuSerif-BoldItalic.ttf', name='DejaVu Serif', style='italic', variant='normal', weight=700, stretch='normal', size='scalable')) = 11.335
2026-04-24 09:05:21  DEBUG     matplotlib.font_manager         findfont: score(FontEntry(fname='/usr/local/lib/python3.12/dist-packages/matplotlib/mpl-data/fonts/ttf/cmex10.ttf', name='cmex10', style='normal', variant='normal', weight=400, stretch='normal', size='scalable')) = 10.05
2026-04-24 09:05:21  DEBUG     matplotlib.font_manager         findfont: score(FontEntry(fname='/usr/local/lib/python3.12/dist-packages/matplotlib/mpl-data/fonts/ttf/STIXSizOneSymBol.ttf', name='STIXSizeOneSym', style='normal', variant='normal', weight=700, stretch='normal', size='scalable')) = 10.335
2026-04-24 09:05:21  DEBUG     matplotlib.font_manager         findfont: score(FontEntry(fname='/usr/local/lib/python3.12/dist-packages/matplotlib/mpl-data/fonts/ttf/DejaVuSansMono-BoldOblique.ttf', name='DejaVu Sans Mono', style='oblique', variant='normal', weight=700, stretch='normal', size='scalable')) = 1.335
2026-04-24 09:05:21  DEBUG     matplotlib.font_manager         findfont: score(FontEntry(fname='/usr/local/lib/python3.12/dist-packages/matplotlib/mpl-data/fonts/ttf/cmmi10.ttf', name='cmmi10', style='normal', variant='normal', weight=400, stretch='normal', size='scalable')) = 10.05
2026-04-24 09:05:21  DEBUG     matplotlib.font_manager         findfont: score(FontEntry(fname='/usr/local/lib/python3.12/dist-packages/matplotlib/mpl-data/fonts/ttf/DejaVuSans-Oblique.ttf', name='DejaVu Sans', style='oblique', variant='normal', weight=400, stretch='normal', size='scalable')) = 11.05
2026-04-24 09:05:21  DEBUG     matplotlib.font_manager         findfont: score(FontEntry(fname='/usr/local/lib/python3.12/dist-packages/matplotlib/mpl-data/fonts/ttf/DejaVuSerif-Italic.ttf', name='DejaVu Serif', style='italic', variant='normal', weight=400, stretch='normal', size='scalable')) = 11.05
2026-04-24 09:05:21  DEBUG     matplotlib.font_manager         findfont: score(FontEntry(fname='/usr/local/lib/python3.12/dist-packages/matplotlib/mpl-data/fonts/ttf/cmb10.ttf', name='cmb10', style='normal', variant='normal', weight=400, stretch='normal', size='scalable')) = 10.05
2026-04-24 09:05:21  DEBUG     matplotlib.font_manager         findfont: score(FontEntry(fname='/usr/local/lib/python3.12/dist-packages/matplotlib/mpl-data/fonts/ttf/STIXSizOneSymReg.ttf', name='STIXSizeOneSym', style='normal', variant='normal', weight=400, stretch='normal', size='scalable')) = 10.05
2026-04-24 09:05:21  DEBUG     matplotlib.font_manager         findfont: score(FontEntry(fname='/usr/local/lib/python3.12/dist-packages/matplotlib/mpl-data/fonts/ttf/STIXNonUniBolIta.ttf', name='STIXNonUnicode', style='italic', variant='normal', weight=700, stretch='normal', size='scalable')) = 11.335
2026-04-24 09:05:21  DEBUG     matplotlib.font_manager         findfont: score(FontEntry(fname='/usr/local/lib/python3.12/dist-packages/matplotlib/mpl-data/fonts/ttf/STIXSizTwoSymReg.ttf', name='STIXSizeTwoSym', style='normal', variant='normal', weight=400, stretch='normal', size='scalable')) = 10.05
2026-04-24 09:05:21  DEBUG     matplotlib.font_manager         findfont: score(FontEntry(fname='/usr/local/lib/python3.12/dist-packages/matplotlib/mpl-data/fonts/ttf/STIXSizThreeSymBol.ttf', name='STIXSizeThreeSym', style='normal', variant='normal', weight=700, stretch='normal', size='scalable')) = 10.335
2026-04-24 09:05:21  DEBUG     matplotlib.font_manager         findfont: score(FontEntry(fname='/usr/local/lib/python3.12/dist-packages/matplotlib/mpl-data/fonts/ttf/STIXGeneralItalic.ttf', name='STIXGeneral', style='italic', variant='normal', weight=400, stretch='normal', size='scalable')) = 11.05
2026-04-24 09:05:21  DEBUG     matplotlib.font_manager         findfont: score(FontEntry(fname='/usr/local/lib/python3.12/dist-packages/matplotlib/mpl-data/fonts/ttf/STIXGeneralBolIta.ttf', name='STIXGeneral', style='italic', variant='normal', weight=700, stretch='normal', size='scalable')) = 11.335
2026-04-24 09:05:21  DEBUG     matplotlib.font_manager         findfont: score(FontEntry(fname='/usr/local/lib/python3.12/dist-packages/matplotlib/mpl-data/fonts/ttf/cmr10.ttf', name='cmr10', style='normal', variant='normal', weight=400, stretch='normal', size='scalable')) = 10.05
2026-04-24 09:05:21  DEBUG     matplotlib.font_manager         findfont: score(FontEntry(fname='/usr/local/lib/python3.12/dist-packages/matplotlib/mpl-data/fonts/ttf/cmsy10.ttf', name='cmsy10', style='normal', variant='normal', weight=400, stretch='normal', size='scalable')) = 10.05
2026-04-24 09:05:21  DEBUG     matplotlib.font_manager         findfont: score(FontEntry(fname='/usr/local/lib/python3.12/dist-packages/matplotlib/mpl-data/fonts/ttf/STIXSizFourSymReg.ttf', name='STIXSizeFourSym', style='normal', variant='normal', weight=400, stretch='normal', size='scalable')) = 10.05
2026-04-24 09:05:21  DEBUG     matplotlib.font_manager         findfont: score(FontEntry(fname='/usr/local/lib/python3.12/dist-packages/matplotlib/mpl-data/fonts/ttf/STIXGeneralBol.ttf', name='STIXGeneral', style='normal', variant='normal', weight=700, stretch='normal', size='scalable')) = 10.335
2026-04-24 09:05:21  DEBUG     matplotlib.font_manager         findfont: score(FontEntry(fname='/usr/local/lib/python3.12/dist-packages/matplotlib/mpl-data/fonts/ttf/STIXGeneral.ttf', name='STIXGeneral', style='normal', variant='normal', weight=400, stretch='normal', size='scalable')) = 10.05
2026-04-24 09:05:21  DEBUG     matplotlib.font_manager         findfont: score(FontEntry(fname='/usr/local/lib/python3.12/dist-packages/matplotlib/mpl-data/fonts/ttf/DejaVuSansDisplay.ttf', name='DejaVu Sans Display', style='normal', variant='normal', weight=400, stretch='normal', size='scalable')) = 10.05
2026-04-24 09:05:21  DEBUG     matplotlib.font_manager         findfont: score(FontEntry(fname='/usr/local/lib/python3.12/dist-packages/matplotlib/mpl-data/fonts/ttf/DejaVuSans-Bold.ttf', name='DejaVu Sans', style='normal', variant='normal', weight=700, stretch='normal', size='scalable')) = 10.335
2026-04-24 09:05:21  DEBUG     matplotlib.font_manager         findfont: score(FontEntry(fname='/usr/local/lib/python3.12/dist-packages/matplotlib/mpl-data/fonts/ttf/DejaVuSans-BoldOblique.ttf', name='DejaVu Sans', style='oblique', variant='normal', weight=700, stretch='normal', size='scalable')) = 11.335
2026-04-24 09:05:21  DEBUG     matplotlib.font_manager         findfont: score(FontEntry(fname='/usr/local/lib/python3.12/dist-packages/matplotlib/mpl-data/fonts/ttf/STIXSizTwoSymBol.ttf', name='STIXSizeTwoSym', style='normal', variant='normal', weight=700, stretch='normal', size='scalable')) = 10.335
2026-04-24 09:05:21  DEBUG     matplotlib.font_manager         findfont: score(FontEntry(fname='/usr/local/lib/python3.12/dist-packages/matplotlib/mpl-data/fonts/ttf/STIXSizFiveSymReg.ttf', name='STIXSizeFiveSym', style='normal', variant='normal', weight=400, stretch='normal', size='scalable')) = 10.05
2026-04-24 09:05:21  DEBUG     matplotlib.font_manager         findfont: score(FontEntry(fname='/usr/local/lib/python3.12/dist-packages/matplotlib/mpl-data/fonts/ttf/DejaVuSansMono.ttf', name='DejaVu Sans Mono', style='normal', variant='normal', weight=400, stretch='normal', size='scalable')) = 0.05
2026-04-24 09:05:21  DEBUG     matplotlib.font_manager         findfont: score(FontEntry(fname='/usr/local/lib/python3.12/dist-packages/matplotlib/mpl-data/fonts/ttf/DejaVuSerifDisplay.ttf', name='DejaVu Serif Display', style='normal', variant='normal', weight=400, stretch='normal', size='scalable')) = 10.05
2026-04-24 09:05:21  DEBUG     matplotlib.font_manager         findfont: score(FontEntry(fname='/usr/local/lib/python3.12/dist-packages/matplotlib/mpl-data/fonts/ttf/STIXNonUni.ttf', name='STIXNonUnicode', style='normal', variant='normal', weight=400, stretch='normal', size='scalable')) = 10.05
2026-04-24 09:05:21  DEBUG     matplotlib.font_manager         findfont: score(FontEntry(fname='/usr/local/lib/python3.12/dist-packages/matplotlib/mpl-data/fonts/ttf/cmss10.ttf', name='cmss10', style='normal', variant='normal', weight=400, stretch='normal', size='scalable')) = 10.05
2026-04-24 09:05:21  DEBUG     matplotlib.font_manager         findfont: score(FontEntry(fname='/usr/local/lib/python3.12/dist-packages/matplotlib/mpl-data/fonts/ttf/STIXSizThreeSymReg.ttf', name='STIXSizeThreeSym', style='normal', variant='normal', weight=400, stretch='normal', size='scalable')) = 10.05
2026-04-24 09:05:21  DEBUG     matplotlib.font_manager         findfont: score(FontEntry(fname='/usr/local/lib/python3.12/dist-packages/matplotlib/mpl-data/fonts/ttf/DejaVuSerif-Bold.ttf', name='DejaVu Serif', style='normal', variant='normal', weight=700, stretch='normal', size='scalable')) = 10.335
2026-04-24 09:05:21  DEBUG     matplotlib.font_manager         findfont: score(FontEntry(fname='/usr/local/lib/python3.12/dist-packages/matplotlib/mpl-data/fonts/ttf/STIXNonUniIta.ttf', name='STIXNonUnicode', style='italic', variant='normal', weight=400, stretch='normal', size='scalable')) = 11.05
2026-04-24 09:05:21  DEBUG     matplotlib.font_manager         findfont: score(FontEntry(fname='/usr/local/lib/python3.12/dist-packages/matplotlib/mpl-data/fonts/ttf/STIXSizFourSymBol.ttf', name='STIXSizeFourSym', style='normal', variant='normal', weight=700, stretch='normal', size='scalable')) = 10.335
2026-04-24 09:05:21  DEBUG     matplotlib.font_manager         findfont: score(FontEntry(fname='/usr/local/lib/python3.12/dist-packages/matplotlib/mpl-data/fonts/ttf/cmtt10.ttf', name='cmtt10', style='normal', variant='normal', weight=400, stretch='normal', size='scalable')) = 10.05
2026-04-24 09:05:21  DEBUG     matplotlib.font_manager         findfont: score(FontEntry(fname='/usr/share/fonts/truetype/liberation/LiberationMono-Italic.ttf', name='Liberation Mono', style='italic', variant='normal', weight=400, stretch='normal', size='scalable')) = 11.05
2026-04-24 09:05:21  DEBUG     matplotlib.font_manager         findfont: score(FontEntry(fname='/usr/share/fonts/truetype/liberation/LiberationMono-Regular.ttf', name='Liberation Mono', style='normal', variant='normal', weight=400, stretch='normal', size='scalable')) = 10.05
2026-04-24 09:05:21  DEBUG     matplotlib.font_manager         findfont: score(FontEntry(fname='/usr/share/fonts/truetype/liberation/LiberationSans-Italic.ttf', name='Liberation Sans', style='italic', variant='normal', weight=400, stretch='normal', size='scalable')) = 11.05
2026-04-24 09:05:21  DEBUG     matplotlib.font_manager         findfont: score(FontEntry(fname='/usr/share/fonts/truetype/liberation/LiberationSerif-BoldItalic.ttf', name='Liberation Serif', style='italic', variant='normal', weight=700, stretch='normal', size='scalable')) = 11.335
2026-04-24 09:05:21  DEBUG     matplotlib.font_manager         findfont: score(FontEntry(fname='/usr/share/fonts/truetype/liberation/LiberationSansNarrow-BoldItalic.ttf', name='Liberation Sans Narrow', style='italic', variant='normal', weight=700, stretch='condensed', size='scalable')) = 11.535
2026-04-24 09:05:21  DEBUG     matplotlib.font_manager         findfont: score(FontEntry(fname='/usr/share/fonts/truetype/liberation/LiberationSerif-Bold.ttf', name='Liberation Serif', style='normal', variant='normal', weight=700, stretch='normal', size='scalable')) = 10.335
2026-04-24 09:05:21  DEBUG     matplotlib.font_manager         findfont: score(FontEntry(fname='/usr/share/fonts/truetype/liberation/LiberationMono-Bold.ttf', name='Liberation Mono', style='normal', variant='normal', weight=700, stretch='normal', size='scalable')) = 10.335
2026-04-24 09:05:21  DEBUG     matplotlib.font_manager         findfont: score(FontEntry(fname='/usr/share/fonts/truetype/humor-sans/Humor-Sans.ttf', name='Humor Sans', style='normal', variant='normal', weight=400, stretch='normal', size='scalable')) = 10.05
2026-04-24 09:05:21  DEBUG     matplotlib.font_manager         findfont: score(FontEntry(fname='/usr/share/fonts/truetype/liberation/LiberationMono-BoldItalic.ttf', name='Liberation Mono', style='italic', variant='normal', weight=700, stretch='normal', size='scalable')) = 11.335
2026-04-24 09:05:21  DEBUG     matplotlib.font_manager         findfont: score(FontEntry(fname='/usr/share/fonts/truetype/liberation/LiberationSerif-Regular.ttf', name='Liberation Serif', style='normal', variant='normal', weight=400, stretch='normal', size='scalable')) = 10.05
2026-04-24 09:05:21  DEBUG     matplotlib.font_manager         findfont: score(FontEntry(fname='/usr/share/fonts/truetype/liberation/LiberationSansNarrow-Italic.ttf', name='Liberation Sans Narrow', style='italic', variant='normal', weight=400, stretch='condensed', size='scalable')) = 11.25
2026-04-24 09:05:21  DEBUG     matplotlib.font_manager         findfont: score(FontEntry(fname='/usr/share/fonts/truetype/liberation/LiberationSans-Bold.ttf', name='Liberation Sans', style='normal', variant='normal', weight=700, stretch='normal', size='scalable')) = 10.335
2026-04-24 09:05:21  DEBUG     matplotlib.font_manager         findfont: score(FontEntry(fname='/usr/share/fonts/truetype/liberation/LiberationSans-BoldItalic.ttf', name='Liberation Sans', style='italic', variant='normal', weight=700, stretch='normal', size='scalable')) = 11.335
2026-04-24 09:05:21  DEBUG     matplotlib.font_manager         findfont: score(FontEntry(fname='/usr/share/fonts/truetype/liberation/LiberationSerif-Italic.ttf', name='Liberation Serif', style='italic', variant='normal', weight=400, stretch='normal', size='scalable')) = 11.05
2026-04-24 09:05:21  DEBUG     matplotlib.font_manager         findfont: score(FontEntry(fname='/usr/share/fonts/truetype/liberation/LiberationSansNarrow-Regular.ttf', name='Liberation Sans Narrow', style='normal', variant='normal', weight=400, stretch='condensed', size='scalable')) = 10.25
2026-04-24 09:05:21  DEBUG     matplotlib.font_manager         findfont: score(FontEntry(fname='/usr/share/fonts/truetype/liberation/LiberationSans-Regular.ttf', name='Liberation Sans', style='normal', variant='normal', weight=400, stretch='normal', size='scalable')) = 10.05
2026-04-24 09:05:21  DEBUG     matplotlib.font_manager         findfont: score(FontEntry(fname='/usr/share/fonts/truetype/liberation/LiberationSansNarrow-Bold.ttf', name='Liberation Sans Narrow', style='normal', variant='normal', weight=700, stretch='condensed', size='scalable')) = 10.535
2026-04-24 09:05:21  DEBUG     matplotlib.font_manager         findfont: Matching monospace:style=normal:variant=normal:weight=normal:stretch=normal:size=7.0 to DejaVu Sans Mono ('/usr/local/lib/python3.12/dist-packages/matplotlib/mpl-data/fonts/ttf/DejaVuSansMono.ttf') with score of 0.050000.
2026-04-24 09:05:21  DEBUG     matplotlib.font_manager         findfont: Matching monospace:style=normal:variant=normal:weight=bold:stretch=normal:size=12.0.
2026-04-24 09:05:21  DEBUG     matplotlib.font_manager         findfont: score(FontEntry(fname='/usr/local/lib/python3.12/dist-packages/matplotlib/mpl-data/fonts/ttf/STIXNonUniBol.ttf', name='STIXNonUnicode', style='normal', variant='normal', weight=700, stretch='normal', size='scalable')) = 10.05
2026-04-24 09:05:21  DEBUG     matplotlib.font_manager         findfont: score(FontEntry(fname='/usr/local/lib/python3.12/dist-packages/matplotlib/mpl-data/fonts/ttf/DejaVuSansMono-Oblique.ttf', name='DejaVu Sans Mono', style='oblique', variant='normal', weight=400, stretch='normal', size='scalable')) = 1.335
2026-04-24 09:05:21  DEBUG     matplotlib.font_manager         findfont: score(FontEntry(fname='/usr/local/lib/python3.12/dist-packages/matplotlib/mpl-data/fonts/ttf/DejaVuSansMono-Bold.ttf', name='DejaVu Sans Mono', style='normal', variant='normal', weight=700, stretch='normal', size='scalable')) = 0.05
2026-04-24 09:05:21  DEBUG     matplotlib.font_manager         findfont: score(FontEntry(fname='/usr/local/lib/python3.12/dist-packages/matplotlib/mpl-data/fonts/ttf/DejaVuSerif.ttf', name='DejaVu Serif', style='normal', variant='normal', weight=400, stretch='normal', size='scalable')) = 10.335
2026-04-24 09:05:21  DEBUG     matplotlib.font_manager         findfont: score(FontEntry(fname='/usr/local/lib/python3.12/dist-packages/matplotlib/mpl-data/fonts/ttf/DejaVuSans.ttf', name='DejaVu Sans', style='normal', variant='normal', weight=400, stretch='normal', size='scalable')) = 10.335
2026-04-24 09:05:21  DEBUG     matplotlib.font_manager         findfont: score(FontEntry(fname='/usr/local/lib/python3.12/dist-packages/matplotlib/mpl-data/fonts/ttf/DejaVuSerif-BoldItalic.ttf', name='DejaVu Serif', style='italic', variant='normal', weight=700, stretch='normal', size='scalable')) = 11.05
2026-04-24 09:05:21  DEBUG     matplotlib.font_manager         findfont: score(FontEntry(fname='/usr/local/lib/python3.12/dist-packages/matplotlib/mpl-data/fonts/ttf/cmex10.ttf', name='cmex10', style='normal', variant='normal', weight=400, stretch='normal', size='scalable')) = 10.335
2026-04-24 09:05:21  DEBUG     matplotlib.font_manager         findfont: score(FontEntry(fname='/usr/local/lib/python3.12/dist-packages/matplotlib/mpl-data/fonts/ttf/STIXSizOneSymBol.ttf', name='STIXSizeOneSym', style='normal', variant='normal', weight=700, stretch='normal', size='scalable')) = 10.05
2026-04-24 09:05:21  DEBUG     matplotlib.font_manager         findfont: score(FontEntry(fname='/usr/local/lib/python3.12/dist-packages/matplotlib/mpl-data/fonts/ttf/DejaVuSansMono-BoldOblique.ttf', name='DejaVu Sans Mono', style='oblique', variant='normal', weight=700, stretch='normal', size='scalable')) = 1.05
2026-04-24 09:05:21  DEBUG     matplotlib.font_manager         findfont: score(FontEntry(fname='/usr/local/lib/python3.12/dist-packages/matplotlib/mpl-data/fonts/ttf/cmmi10.ttf', name='cmmi10', style='normal', variant='normal', weight=400, stretch='normal', size='scalable')) = 10.335
2026-04-24 09:05:21  DEBUG     matplotlib.font_manager         findfont: score(FontEntry(fname='/usr/local/lib/python3.12/dist-packages/matplotlib/mpl-data/fonts/ttf/DejaVuSans-Oblique.ttf', name='DejaVu Sans', style='oblique', variant='normal', weight=400, stretch='normal', size='scalable')) = 11.335
2026-04-24 09:05:21  DEBUG     matplotlib.font_manager         findfont: score(FontEntry(fname='/usr/local/lib/python3.12/dist-packages/matplotlib/mpl-data/fonts/ttf/DejaVuSerif-Italic.ttf', name='DejaVu Serif', style='italic', variant='normal', weight=400, stretch='normal', size='scalable')) = 11.335
2026-04-24 09:05:21  DEBUG     matplotlib.font_manager         findfont: score(FontEntry(fname='/usr/local/lib/python3.12/dist-packages/matplotlib/mpl-data/fonts/ttf/cmb10.ttf', name='cmb10', style='normal', variant='normal', weight=400, stretch='normal', size='scalable')) = 10.335
2026-04-24 09:05:21  DEBUG     matplotlib.font_manager         findfont: score(FontEntry(fname='/usr/local/lib/python3.12/dist-packages/matplotlib/mpl-data/fonts/ttf/STIXSizOneSymReg.ttf', name='STIXSizeOneSym', style='normal', variant='normal', weight=400, stretch='normal', size='scalable')) = 10.335
2026-04-24 09:05:21  DEBUG     matplotlib.font_manager         findfont: score(FontEntry(fname='/usr/local/lib/python3.12/dist-packages/matplotlib/mpl-data/fonts/ttf/STIXNonUniBolIta.ttf', name='STIXNonUnicode', style='italic', variant='normal', weight=700, stretch='normal', size='scalable')) = 11.05
2026-04-24 09:05:21  DEBUG     matplotlib.font_manager         findfont: score(FontEntry(fname='/usr/local/lib/python3.12/dist-packages/matplotlib/mpl-data/fonts/ttf/STIXSizTwoSymReg.ttf', name='STIXSizeTwoSym', style='normal', variant='normal', weight=400, stretch='normal', size='scalable')) = 10.335
2026-04-24 09:05:21  DEBUG     matplotlib.font_manager         findfont: score(FontEntry(fname='/usr/local/lib/python3.12/dist-packages/matplotlib/mpl-data/fonts/ttf/STIXSizThreeSymBol.ttf', name='STIXSizeThreeSym', style='normal', variant='normal', weight=700, stretch='normal', size='scalable')) = 10.05
2026-04-24 09:05:21  DEBUG     matplotlib.font_manager         findfont: score(FontEntry(fname='/usr/local/lib/python3.12/dist-packages/matplotlib/mpl-data/fonts/ttf/STIXGeneralItalic.ttf', name='STIXGeneral', style='italic', variant='normal', weight=400, stretch='normal', size='scalable')) = 11.335
2026-04-24 09:05:21  DEBUG     matplotlib.font_manager         findfont: score(FontEntry(fname='/usr/local/lib/python3.12/dist-packages/matplotlib/mpl-data/fonts/ttf/STIXGeneralBolIta.ttf', name='STIXGeneral', style='italic', variant='normal', weight=700, stretch='normal', size='scalable')) = 11.05
2026-04-24 09:05:21  DEBUG     matplotlib.font_manager         findfont: score(FontEntry(fname='/usr/local/lib/python3.12/dist-packages/matplotlib/mpl-data/fonts/ttf/cmr10.ttf', name='cmr10', style='normal', variant='normal', weight=400, stretch='normal', size='scalable')) = 10.335
2026-04-24 09:05:21  DEBUG     matplotlib.font_manager         findfont: score(FontEntry(fname='/usr/local/lib/python3.12/dist-packages/matplotlib/mpl-data/fonts/ttf/cmsy10.ttf', name='cmsy10', style='normal', variant='normal', weight=400, stretch='normal', size='scalable')) = 10.335
2026-04-24 09:05:21  DEBUG     matplotlib.font_manager         findfont: score(FontEntry(fname='/usr/local/lib/python3.12/dist-packages/matplotlib/mpl-data/fonts/ttf/STIXSizFourSymReg.ttf', name='STIXSizeFourSym', style='normal', variant='normal', weight=400, stretch='normal', size='scalable')) = 10.335
2026-04-24 09:05:21  DEBUG     matplotlib.font_manager         findfont: score(FontEntry(fname='/usr/local/lib/python3.12/dist-packages/matplotlib/mpl-data/fonts/ttf/STIXGeneralBol.ttf', name='STIXGeneral', style='normal', variant='normal', weight=700, stretch='normal', size='scalable')) = 10.05
2026-04-24 09:05:21  DEBUG     matplotlib.font_manager         findfont: score(FontEntry(fname='/usr/local/lib/python3.12/dist-packages/matplotlib/mpl-data/fonts/ttf/STIXGeneral.ttf', name='STIXGeneral', style='normal', variant='normal', weight=400, stretch='normal', size='scalable')) = 10.335
2026-04-24 09:05:21  DEBUG     matplotlib.font_manager         findfont: score(FontEntry(fname='/usr/local/lib/python3.12/dist-packages/matplotlib/mpl-data/fonts/ttf/DejaVuSansDisplay.ttf', name='DejaVu Sans Display', style='normal', variant='normal', weight=400, stretch='normal', size='scalable')) = 10.335
2026-04-24 09:05:21  DEBUG     matplotlib.font_manager         findfont: score(FontEntry(fname='/usr/local/lib/python3.12/dist-packages/matplotlib/mpl-data/fonts/ttf/DejaVuSans-Bold.ttf', name='DejaVu Sans', style='normal', variant='normal', weight=700, stretch='normal', size='scalable')) = 10.05
2026-04-24 09:05:21  DEBUG     matplotlib.font_manager         findfont: score(FontEntry(fname='/usr/local/lib/python3.12/dist-packages/matplotlib/mpl-data/fonts/ttf/DejaVuSans-BoldOblique.ttf', name='DejaVu Sans', style='oblique', variant='normal', weight=700, stretch='normal', size='scalable')) = 11.05
2026-04-24 09:05:21  DEBUG     matplotlib.font_manager         findfont: score(FontEntry(fname='/usr/local/lib/python3.12/dist-packages/matplotlib/mpl-data/fonts/ttf/STIXSizTwoSymBol.ttf', name='STIXSizeTwoSym', style='normal', variant='normal', weight=700, stretch='normal', size='scalable')) = 10.05
2026-04-24 09:05:21  DEBUG     matplotlib.font_manager         findfont: score(FontEntry(fname='/usr/local/lib/python3.12/dist-packages/matplotlib/mpl-data/fonts/ttf/STIXSizFiveSymReg.ttf', name='STIXSizeFiveSym', style='normal', variant='normal', weight=400, stretch='normal', size='scalable')) = 10.335
2026-04-24 09:05:21  DEBUG     matplotlib.font_manager         findfont: score(FontEntry(fname='/usr/local/lib/python3.12/dist-packages/matplotlib/mpl-data/fonts/ttf/DejaVuSansMono.ttf', name='DejaVu Sans Mono', style='normal', variant='normal', weight=400, stretch='normal', size='scalable')) = 0.33499999999999996
2026-04-24 09:05:21  DEBUG     matplotlib.font_manager         findfont: score(FontEntry(fname='/usr/local/lib/python3.12/dist-packages/matplotlib/mpl-data/fonts/ttf/DejaVuSerifDisplay.ttf', name='DejaVu Serif Display', style='normal', variant='normal', weight=400, stretch='normal', size='scalable')) = 10.335
2026-04-24 09:05:21  DEBUG     matplotlib.font_manager         findfont: score(FontEntry(fname='/usr/local/lib/python3.12/dist-packages/matplotlib/mpl-data/fonts/ttf/STIXNonUni.ttf', name='STIXNonUnicode', style='normal', variant='normal', weight=400, stretch='normal', size='scalable')) = 10.335
2026-04-24 09:05:21  DEBUG     matplotlib.font_manager         findfont: score(FontEntry(fname='/usr/local/lib/python3.12/dist-packages/matplotlib/mpl-data/fonts/ttf/cmss10.ttf', name='cmss10', style='normal', variant='normal', weight=400, stretch='normal', size='scalable')) = 10.335
2026-04-24 09:05:21  DEBUG     matplotlib.font_manager         findfont: score(FontEntry(fname='/usr/local/lib/python3.12/dist-packages/matplotlib/mpl-data/fonts/ttf/STIXSizThreeSymReg.ttf', name='STIXSizeThreeSym', style='normal', variant='normal', weight=400, stretch='normal', size='scalable')) = 10.335
2026-04-24 09:05:21  DEBUG     matplotlib.font_manager         findfont: score(FontEntry(fname='/usr/local/lib/python3.12/dist-packages/matplotlib/mpl-data/fonts/ttf/DejaVuSerif-Bold.ttf', name='DejaVu Serif', style='normal', variant='normal', weight=700, stretch='normal', size='scalable')) = 10.05
2026-04-24 09:05:21  DEBUG     matplotlib.font_manager         findfont: score(FontEntry(fname='/usr/local/lib/python3.12/dist-packages/matplotlib/mpl-data/fonts/ttf/STIXNonUniIta.ttf', name='STIXNonUnicode', style='italic', variant='normal', weight=400, stretch='normal', size='scalable')) = 11.335
2026-04-24 09:05:21  DEBUG     matplotlib.font_manager         findfont: score(FontEntry(fname='/usr/local/lib/python3.12/dist-packages/matplotlib/mpl-data/fonts/ttf/STIXSizFourSymBol.ttf', name='STIXSizeFourSym', style='normal', variant='normal', weight=700, stretch='normal', size='scalable')) = 10.05
2026-04-24 09:05:21  DEBUG     matplotlib.font_manager         findfont: score(FontEntry(fname='/usr/local/lib/python3.12/dist-packages/matplotlib/mpl-data/fonts/ttf/cmtt10.ttf', name='cmtt10', style='normal', variant='normal', weight=400, stretch='normal', size='scalable')) = 10.335
2026-04-24 09:05:21  DEBUG     matplotlib.font_manager         findfont: score(FontEntry(fname='/usr/share/fonts/truetype/liberation/LiberationMono-Italic.ttf', name='Liberation Mono', style='italic', variant='normal', weight=400, stretch='normal', size='scalable')) = 11.335
2026-04-24 09:05:21  DEBUG     matplotlib.font_manager         findfont: score(FontEntry(fname='/usr/share/fonts/truetype/liberation/LiberationMono-Regular.ttf', name='Liberation Mono', style='normal', variant='normal', weight=400, stretch='normal', size='scalable')) = 10.335
2026-04-24 09:05:21  DEBUG     matplotlib.font_manager         findfont: score(FontEntry(fname='/usr/share/fonts/truetype/liberation/LiberationSans-Italic.ttf', name='Liberation Sans', style='italic', variant='normal', weight=400, stretch='normal', size='scalable')) = 11.335
2026-04-24 09:05:21  DEBUG     matplotlib.font_manager         findfont: score(FontEntry(fname='/usr/share/fonts/truetype/liberation/LiberationSerif-BoldItalic.ttf', name='Liberation Serif', style='italic', variant='normal', weight=700, stretch='normal', size='scalable')) = 11.05
2026-04-24 09:05:21  DEBUG     matplotlib.font_manager         findfont: score(FontEntry(fname='/usr/share/fonts/truetype/liberation/LiberationSansNarrow-BoldItalic.ttf', name='Liberation Sans Narrow', style='italic', variant='normal', weight=700, stretch='condensed', size='scalable')) = 11.25
2026-04-24 09:05:21  DEBUG     matplotlib.font_manager         findfont: score(FontEntry(fname='/usr/share/fonts/truetype/liberation/LiberationSerif-Bold.ttf', name='Liberation Serif', style='normal', variant='normal', weight=700, stretch='normal', size='scalable')) = 10.05
2026-04-24 09:05:21  DEBUG     matplotlib.font_manager         findfont: score(FontEntry(fname='/usr/share/fonts/truetype/liberation/LiberationMono-Bold.ttf', name='Liberation Mono', style='normal', variant='normal', weight=700, stretch='normal', size='scalable')) = 10.05
2026-04-24 09:05:21  DEBUG     matplotlib.font_manager         findfont: score(FontEntry(fname='/usr/share/fonts/truetype/humor-sans/Humor-Sans.ttf', name='Humor Sans', style='normal', variant='normal', weight=400, stretch='normal', size='scalable')) = 10.335
2026-04-24 09:05:21  DEBUG     matplotlib.font_manager         findfont: score(FontEntry(fname='/usr/share/fonts/truetype/liberation/LiberationMono-BoldItalic.ttf', name='Liberation Mono', style='italic', variant='normal', weight=700, stretch='normal', size='scalable')) = 11.05
2026-04-24 09:05:21  DEBUG     matplotlib.font_manager         findfont: score(FontEntry(fname='/usr/share/fonts/truetype/liberation/LiberationSerif-Regular.ttf', name='Liberation Serif', style='normal', variant='normal', weight=400, stretch='normal', size='scalable')) = 10.335
2026-04-24 09:05:21  DEBUG     matplotlib.font_manager         findfont: score(FontEntry(fname='/usr/share/fonts/truetype/liberation/LiberationSansNarrow-Italic.ttf', name='Liberation Sans Narrow', style='italic', variant='normal', weight=400, stretch='condensed', size='scalable')) = 11.535
2026-04-24 09:05:21  DEBUG     matplotlib.font_manager         findfont: score(FontEntry(fname='/usr/share/fonts/truetype/liberation/LiberationSans-Bold.ttf', name='Liberation Sans', style='normal', variant='normal', weight=700, stretch='normal', size='scalable')) = 10.05
2026-04-24 09:05:21  DEBUG     matplotlib.font_manager         findfont: score(FontEntry(fname='/usr/share/fonts/truetype/liberation/LiberationSans-BoldItalic.ttf', name='Liberation Sans', style='italic', variant='normal', weight=700, stretch='normal', size='scalable')) = 11.05
2026-04-24 09:05:21  DEBUG     matplotlib.font_manager         findfont: score(FontEntry(fname='/usr/share/fonts/truetype/liberation/LiberationSerif-Italic.ttf', name='Liberation Serif', style='italic', variant='normal', weight=400, stretch='normal', size='scalable')) = 11.335
2026-04-24 09:05:21  DEBUG     matplotlib.font_manager         findfont: score(FontEntry(fname='/usr/share/fonts/truetype/liberation/LiberationSansNarrow-Regular.ttf', name='Liberation Sans Narrow', style='normal', variant='normal', weight=400, stretch='condensed', size='scalable')) = 10.535
2026-04-24 09:05:21  DEBUG     matplotlib.font_manager         findfont: score(FontEntry(fname='/usr/share/fonts/truetype/liberation/LiberationSans-Regular.ttf', name='Liberation Sans', style='normal', variant='normal', weight=400, stretch='normal', size='scalable')) = 10.335
2026-04-24 09:05:21  DEBUG     matplotlib.font_manager         findfont: score(FontEntry(fname='/usr/share/fonts/truetype/liberation/LiberationSansNarrow-Bold.ttf', name='Liberation Sans Narrow', style='normal', variant='normal', weight=700, stretch='condensed', size='scalable')) = 10.25
2026-04-24 09:05:21  DEBUG     matplotlib.font_manager         findfont: Matching monospace:style=normal:variant=normal:weight=bold:stretch=normal:size=12.0 to DejaVu Sans Mono ('/usr/local/lib/python3.12/dist-packages/matplotlib/mpl-data/fonts/ttf/DejaVuSansMono-Bold.ttf') with score of 0.050000.
2026-04-24 09:05:22  INFO      src.visualize                   Gate-distribution plot saved → outputs/gate_distributions.png
2026-04-24 09:05:22  DEBUG     matplotlib.font_manager         findfont: Matching monospace:style=normal:variant=normal:weight=bold:stretch=normal:size=9.0.
2026-04-24 09:05:22  DEBUG     matplotlib.font_manager         findfont: score(FontEntry(fname='/usr/local/lib/python3.12/dist-packages/matplotlib/mpl-data/fonts/ttf/STIXNonUniBol.ttf', name='STIXNonUnicode', style='normal', variant='normal', weight=700, stretch='normal', size='scalable')) = 10.05
2026-04-24 09:05:22  DEBUG     matplotlib.font_manager         findfont: score(FontEntry(fname='/usr/local/lib/python3.12/dist-packages/matplotlib/mpl-data/fonts/ttf/DejaVuSansMono-Oblique.ttf', name='DejaVu Sans Mono', style='oblique', variant='normal', weight=400, stretch='normal', size='scalable')) = 1.335
2026-04-24 09:05:22  DEBUG     matplotlib.font_manager         findfont: score(FontEntry(fname='/usr/local/lib/python3.12/dist-packages/matplotlib/mpl-data/fonts/ttf/DejaVuSansMono-Bold.ttf', name='DejaVu Sans Mono', style='normal', variant='normal', weight=700, stretch='normal', size='scalable')) = 0.05
2026-04-24 09:05:22  DEBUG     matplotlib.font_manager         findfont: score(FontEntry(fname='/usr/local/lib/python3.12/dist-packages/matplotlib/mpl-data/fonts/ttf/DejaVuSerif.ttf', name='DejaVu Serif', style='normal', variant='normal', weight=400, stretch='normal', size='scalable')) = 10.335
2026-04-24 09:05:22  DEBUG     matplotlib.font_manager         findfont: score(FontEntry(fname='/usr/local/lib/python3.12/dist-packages/matplotlib/mpl-data/fonts/ttf/DejaVuSans.ttf', name='DejaVu Sans', style='normal', variant='normal', weight=400, stretch='normal', size='scalable')) = 10.335
2026-04-24 09:05:22  DEBUG     matplotlib.font_manager         findfont: score(FontEntry(fname='/usr/local/lib/python3.12/dist-packages/matplotlib/mpl-data/fonts/ttf/DejaVuSerif-BoldItalic.ttf', name='DejaVu Serif', style='italic', variant='normal', weight=700, stretch='normal', size='scalable')) = 11.05
2026-04-24 09:05:22  DEBUG     matplotlib.font_manager         findfont: score(FontEntry(fname='/usr/local/lib/python3.12/dist-packages/matplotlib/mpl-data/fonts/ttf/cmex10.ttf', name='cmex10', style='normal', variant='normal', weight=400, stretch='normal', size='scalable')) = 10.335
2026-04-24 09:05:22  DEBUG     matplotlib.font_manager         findfont: score(FontEntry(fname='/usr/local/lib/python3.12/dist-packages/matplotlib/mpl-data/fonts/ttf/STIXSizOneSymBol.ttf', name='STIXSizeOneSym', style='normal', variant='normal', weight=700, stretch='normal', size='scalable')) = 10.05
2026-04-24 09:05:22  DEBUG     matplotlib.font_manager         findfont: score(FontEntry(fname='/usr/local/lib/python3.12/dist-packages/matplotlib/mpl-data/fonts/ttf/DejaVuSansMono-BoldOblique.ttf', name='DejaVu Sans Mono', style='oblique', variant='normal', weight=700, stretch='normal', size='scalable')) = 1.05
2026-04-24 09:05:22  DEBUG     matplotlib.font_manager         findfont: score(FontEntry(fname='/usr/local/lib/python3.12/dist-packages/matplotlib/mpl-data/fonts/ttf/cmmi10.ttf', name='cmmi10', style='normal', variant='normal', weight=400, stretch='normal', size='scalable')) = 10.335
2026-04-24 09:05:22  DEBUG     matplotlib.font_manager         findfont: score(FontEntry(fname='/usr/local/lib/python3.12/dist-packages/matplotlib/mpl-data/fonts/ttf/DejaVuSans-Oblique.ttf', name='DejaVu Sans', style='oblique', variant='normal', weight=400, stretch='normal', size='scalable')) = 11.335
2026-04-24 09:05:22  DEBUG     matplotlib.font_manager         findfont: score(FontEntry(fname='/usr/local/lib/python3.12/dist-packages/matplotlib/mpl-data/fonts/ttf/DejaVuSerif-Italic.ttf', name='DejaVu Serif', style='italic', variant='normal', weight=400, stretch='normal', size='scalable')) = 11.335
2026-04-24 09:05:22  DEBUG     matplotlib.font_manager         findfont: score(FontEntry(fname='/usr/local/lib/python3.12/dist-packages/matplotlib/mpl-data/fonts/ttf/cmb10.ttf', name='cmb10', style='normal', variant='normal', weight=400, stretch='normal', size='scalable')) = 10.335
2026-04-24 09:05:22  DEBUG     matplotlib.font_manager         findfont: score(FontEntry(fname='/usr/local/lib/python3.12/dist-packages/matplotlib/mpl-data/fonts/ttf/STIXSizOneSymReg.ttf', name='STIXSizeOneSym', style='normal', variant='normal', weight=400, stretch='normal', size='scalable')) = 10.335
2026-04-24 09:05:22  DEBUG     matplotlib.font_manager         findfont: score(FontEntry(fname='/usr/local/lib/python3.12/dist-packages/matplotlib/mpl-data/fonts/ttf/STIXNonUniBolIta.ttf', name='STIXNonUnicode', style='italic', variant='normal', weight=700, stretch='normal', size='scalable')) = 11.05
2026-04-24 09:05:22  DEBUG     matplotlib.font_manager         findfont: score(FontEntry(fname='/usr/local/lib/python3.12/dist-packages/matplotlib/mpl-data/fonts/ttf/STIXSizTwoSymReg.ttf', name='STIXSizeTwoSym', style='normal', variant='normal', weight=400, stretch='normal', size='scalable')) = 10.335
2026-04-24 09:05:22  DEBUG     matplotlib.font_manager         findfont: score(FontEntry(fname='/usr/local/lib/python3.12/dist-packages/matplotlib/mpl-data/fonts/ttf/STIXSizThreeSymBol.ttf', name='STIXSizeThreeSym', style='normal', variant='normal', weight=700, stretch='normal', size='scalable')) = 10.05
2026-04-24 09:05:22  DEBUG     matplotlib.font_manager         findfont: score(FontEntry(fname='/usr/local/lib/python3.12/dist-packages/matplotlib/mpl-data/fonts/ttf/STIXGeneralItalic.ttf', name='STIXGeneral', style='italic', variant='normal', weight=400, stretch='normal', size='scalable')) = 11.335
2026-04-24 09:05:22  DEBUG     matplotlib.font_manager         findfont: score(FontEntry(fname='/usr/local/lib/python3.12/dist-packages/matplotlib/mpl-data/fonts/ttf/STIXGeneralBolIta.ttf', name='STIXGeneral', style='italic', variant='normal', weight=700, stretch='normal', size='scalable')) = 11.05
2026-04-24 09:05:22  DEBUG     matplotlib.font_manager         findfont: score(FontEntry(fname='/usr/local/lib/python3.12/dist-packages/matplotlib/mpl-data/fonts/ttf/cmr10.ttf', name='cmr10', style='normal', variant='normal', weight=400, stretch='normal', size='scalable')) = 10.335
2026-04-24 09:05:22  DEBUG     matplotlib.font_manager         findfont: score(FontEntry(fname='/usr/local/lib/python3.12/dist-packages/matplotlib/mpl-data/fonts/ttf/cmsy10.ttf', name='cmsy10', style='normal', variant='normal', weight=400, stretch='normal', size='scalable')) = 10.335
2026-04-24 09:05:22  DEBUG     matplotlib.font_manager         findfont: score(FontEntry(fname='/usr/local/lib/python3.12/dist-packages/matplotlib/mpl-data/fonts/ttf/STIXSizFourSymReg.ttf', name='STIXSizeFourSym', style='normal', variant='normal', weight=400, stretch='normal', size='scalable')) = 10.335
2026-04-24 09:05:22  DEBUG     matplotlib.font_manager         findfont: score(FontEntry(fname='/usr/local/lib/python3.12/dist-packages/matplotlib/mpl-data/fonts/ttf/STIXGeneralBol.ttf', name='STIXGeneral', style='normal', variant='normal', weight=700, stretch='normal', size='scalable')) = 10.05
2026-04-24 09:05:22  DEBUG     matplotlib.font_manager         findfont: score(FontEntry(fname='/usr/local/lib/python3.12/dist-packages/matplotlib/mpl-data/fonts/ttf/STIXGeneral.ttf', name='STIXGeneral', style='normal', variant='normal', weight=400, stretch='normal', size='scalable')) = 10.335
2026-04-24 09:05:22  DEBUG     matplotlib.font_manager         findfont: score(FontEntry(fname='/usr/local/lib/python3.12/dist-packages/matplotlib/mpl-data/fonts/ttf/DejaVuSansDisplay.ttf', name='DejaVu Sans Display', style='normal', variant='normal', weight=400, stretch='normal', size='scalable')) = 10.335
2026-04-24 09:05:22  DEBUG     matplotlib.font_manager         findfont: score(FontEntry(fname='/usr/local/lib/python3.12/dist-packages/matplotlib/mpl-data/fonts/ttf/DejaVuSans-Bold.ttf', name='DejaVu Sans', style='normal', variant='normal', weight=700, stretch='normal', size='scalable')) = 10.05
2026-04-24 09:05:22  DEBUG     matplotlib.font_manager         findfont: score(FontEntry(fname='/usr/local/lib/python3.12/dist-packages/matplotlib/mpl-data/fonts/ttf/DejaVuSans-BoldOblique.ttf', name='DejaVu Sans', style='oblique', variant='normal', weight=700, stretch='normal', size='scalable')) = 11.05
2026-04-24 09:05:22  DEBUG     matplotlib.font_manager         findfont: score(FontEntry(fname='/usr/local/lib/python3.12/dist-packages/matplotlib/mpl-data/fonts/ttf/STIXSizTwoSymBol.ttf', name='STIXSizeTwoSym', style='normal', variant='normal', weight=700, stretch='normal', size='scalable')) = 10.05
2026-04-24 09:05:22  DEBUG     matplotlib.font_manager         findfont: score(FontEntry(fname='/usr/local/lib/python3.12/dist-packages/matplotlib/mpl-data/fonts/ttf/STIXSizFiveSymReg.ttf', name='STIXSizeFiveSym', style='normal', variant='normal', weight=400, stretch='normal', size='scalable')) = 10.335
2026-04-24 09:05:22  DEBUG     matplotlib.font_manager         findfont: score(FontEntry(fname='/usr/local/lib/python3.12/dist-packages/matplotlib/mpl-data/fonts/ttf/DejaVuSansMono.ttf', name='DejaVu Sans Mono', style='normal', variant='normal', weight=400, stretch='normal', size='scalable')) = 0.33499999999999996
2026-04-24 09:05:22  DEBUG     matplotlib.font_manager         findfont: score(FontEntry(fname='/usr/local/lib/python3.12/dist-packages/matplotlib/mpl-data/fonts/ttf/DejaVuSerifDisplay.ttf', name='DejaVu Serif Display', style='normal', variant='normal', weight=400, stretch='normal', size='scalable')) = 10.335
2026-04-24 09:05:22  DEBUG     matplotlib.font_manager         findfont: score(FontEntry(fname='/usr/local/lib/python3.12/dist-packages/matplotlib/mpl-data/fonts/ttf/STIXNonUni.ttf', name='STIXNonUnicode', style='normal', variant='normal', weight=400, stretch='normal', size='scalable')) = 10.335
2026-04-24 09:05:22  DEBUG     matplotlib.font_manager         findfont: score(FontEntry(fname='/usr/local/lib/python3.12/dist-packages/matplotlib/mpl-data/fonts/ttf/cmss10.ttf', name='cmss10', style='normal', variant='normal', weight=400, stretch='normal', size='scalable')) = 10.335
2026-04-24 09:05:22  DEBUG     matplotlib.font_manager         findfont: score(FontEntry(fname='/usr/local/lib/python3.12/dist-packages/matplotlib/mpl-data/fonts/ttf/STIXSizThreeSymReg.ttf', name='STIXSizeThreeSym', style='normal', variant='normal', weight=400, stretch='normal', size='scalable')) = 10.335
2026-04-24 09:05:22  DEBUG     matplotlib.font_manager         findfont: score(FontEntry(fname='/usr/local/lib/python3.12/dist-packages/matplotlib/mpl-data/fonts/ttf/DejaVuSerif-Bold.ttf', name='DejaVu Serif', style='normal', variant='normal', weight=700, stretch='normal', size='scalable')) = 10.05
2026-04-24 09:05:22  DEBUG     matplotlib.font_manager         findfont: score(FontEntry(fname='/usr/local/lib/python3.12/dist-packages/matplotlib/mpl-data/fonts/ttf/STIXNonUniIta.ttf', name='STIXNonUnicode', style='italic', variant='normal', weight=400, stretch='normal', size='scalable')) = 11.335
2026-04-24 09:05:22  DEBUG     matplotlib.font_manager         findfont: score(FontEntry(fname='/usr/local/lib/python3.12/dist-packages/matplotlib/mpl-data/fonts/ttf/STIXSizFourSymBol.ttf', name='STIXSizeFourSym', style='normal', variant='normal', weight=700, stretch='normal', size='scalable')) = 10.05
2026-04-24 09:05:22  DEBUG     matplotlib.font_manager         findfont: score(FontEntry(fname='/usr/local/lib/python3.12/dist-packages/matplotlib/mpl-data/fonts/ttf/cmtt10.ttf', name='cmtt10', style='normal', variant='normal', weight=400, stretch='normal', size='scalable')) = 10.335
2026-04-24 09:05:22  DEBUG     matplotlib.font_manager         findfont: score(FontEntry(fname='/usr/share/fonts/truetype/liberation/LiberationMono-Italic.ttf', name='Liberation Mono', style='italic', variant='normal', weight=400, stretch='normal', size='scalable')) = 11.335
2026-04-24 09:05:22  DEBUG     matplotlib.font_manager         findfont: score(FontEntry(fname='/usr/share/fonts/truetype/liberation/LiberationMono-Regular.ttf', name='Liberation Mono', style='normal', variant='normal', weight=400, stretch='normal', size='scalable')) = 10.335
2026-04-24 09:05:22  DEBUG     matplotlib.font_manager         findfont: score(FontEntry(fname='/usr/share/fonts/truetype/liberation/LiberationSans-Italic.ttf', name='Liberation Sans', style='italic', variant='normal', weight=400, stretch='normal', size='scalable')) = 11.335
2026-04-24 09:05:22  DEBUG     matplotlib.font_manager         findfont: score(FontEntry(fname='/usr/share/fonts/truetype/liberation/LiberationSerif-BoldItalic.ttf', name='Liberation Serif', style='italic', variant='normal', weight=700, stretch='normal', size='scalable')) = 11.05
2026-04-24 09:05:22  DEBUG     matplotlib.font_manager         findfont: score(FontEntry(fname='/usr/share/fonts/truetype/liberation/LiberationSansNarrow-BoldItalic.ttf', name='Liberation Sans Narrow', style='italic', variant='normal', weight=700, stretch='condensed', size='scalable')) = 11.25
2026-04-24 09:05:22  DEBUG     matplotlib.font_manager         findfont: score(FontEntry(fname='/usr/share/fonts/truetype/liberation/LiberationSerif-Bold.ttf', name='Liberation Serif', style='normal', variant='normal', weight=700, stretch='normal', size='scalable')) = 10.05
2026-04-24 09:05:22  DEBUG     matplotlib.font_manager         findfont: score(FontEntry(fname='/usr/share/fonts/truetype/liberation/LiberationMono-Bold.ttf', name='Liberation Mono', style='normal', variant='normal', weight=700, stretch='normal', size='scalable')) = 10.05
2026-04-24 09:05:22  DEBUG     matplotlib.font_manager         findfont: score(FontEntry(fname='/usr/share/fonts/truetype/humor-sans/Humor-Sans.ttf', name='Humor Sans', style='normal', variant='normal', weight=400, stretch='normal', size='scalable')) = 10.335
2026-04-24 09:05:22  DEBUG     matplotlib.font_manager         findfont: score(FontEntry(fname='/usr/share/fonts/truetype/liberation/LiberationMono-BoldItalic.ttf', name='Liberation Mono', style='italic', variant='normal', weight=700, stretch='normal', size='scalable')) = 11.05
2026-04-24 09:05:22  DEBUG     matplotlib.font_manager         findfont: score(FontEntry(fname='/usr/share/fonts/truetype/liberation/LiberationSerif-Regular.ttf', name='Liberation Serif', style='normal', variant='normal', weight=400, stretch='normal', size='scalable')) = 10.335
2026-04-24 09:05:22  DEBUG     matplotlib.font_manager         findfont: score(FontEntry(fname='/usr/share/fonts/truetype/liberation/LiberationSansNarrow-Italic.ttf', name='Liberation Sans Narrow', style='italic', variant='normal', weight=400, stretch='condensed', size='scalable')) = 11.535
2026-04-24 09:05:22  DEBUG     matplotlib.font_manager         findfont: score(FontEntry(fname='/usr/share/fonts/truetype/liberation/LiberationSans-Bold.ttf', name='Liberation Sans', style='normal', variant='normal', weight=700, stretch='normal', size='scalable')) = 10.05
2026-04-24 09:05:22  DEBUG     matplotlib.font_manager         findfont: score(FontEntry(fname='/usr/share/fonts/truetype/liberation/LiberationSans-BoldItalic.ttf', name='Liberation Sans', style='italic', variant='normal', weight=700, stretch='normal', size='scalable')) = 11.05
2026-04-24 09:05:22  DEBUG     matplotlib.font_manager         findfont: score(FontEntry(fname='/usr/share/fonts/truetype/liberation/LiberationSerif-Italic.ttf', name='Liberation Serif', style='italic', variant='normal', weight=400, stretch='normal', size='scalable')) = 11.335
2026-04-24 09:05:22  DEBUG     matplotlib.font_manager         findfont: score(FontEntry(fname='/usr/share/fonts/truetype/liberation/LiberationSansNarrow-Regular.ttf', name='Liberation Sans Narrow', style='normal', variant='normal', weight=400, stretch='condensed', size='scalable')) = 10.535
2026-04-24 09:05:22  DEBUG     matplotlib.font_manager         findfont: score(FontEntry(fname='/usr/share/fonts/truetype/liberation/LiberationSans-Regular.ttf', name='Liberation Sans', style='normal', variant='normal', weight=400, stretch='normal', size='scalable')) = 10.335
2026-04-24 09:05:22  DEBUG     matplotlib.font_manager         findfont: score(FontEntry(fname='/usr/share/fonts/truetype/liberation/LiberationSansNarrow-Bold.ttf', name='Liberation Sans Narrow', style='normal', variant='normal', weight=700, stretch='condensed', size='scalable')) = 10.25
2026-04-24 09:05:22  DEBUG     matplotlib.font_manager         findfont: Matching monospace:style=normal:variant=normal:weight=bold:stretch=normal:size=9.0 to DejaVu Sans Mono ('/usr/local/lib/python3.12/dist-packages/matplotlib/mpl-data/fonts/ttf/DejaVuSansMono-Bold.ttf') with score of 0.050000.
2026-04-24 09:05:23  DEBUG     matplotlib.font_manager         findfont: Matching monospace:style=normal:variant=normal:weight=bold:stretch=normal:size=13.0.
2026-04-24 09:05:23  DEBUG     matplotlib.font_manager         findfont: score(FontEntry(fname='/usr/local/lib/python3.12/dist-packages/matplotlib/mpl-data/fonts/ttf/STIXNonUniBol.ttf', name='STIXNonUnicode', style='normal', variant='normal', weight=700, stretch='normal', size='scalable')) = 10.05
2026-04-24 09:05:23  DEBUG     matplotlib.font_manager         findfont: score(FontEntry(fname='/usr/local/lib/python3.12/dist-packages/matplotlib/mpl-data/fonts/ttf/DejaVuSansMono-Oblique.ttf', name='DejaVu Sans Mono', style='oblique', variant='normal', weight=400, stretch='normal', size='scalable')) = 1.335
2026-04-24 09:05:23  DEBUG     matplotlib.font_manager         findfont: score(FontEntry(fname='/usr/local/lib/python3.12/dist-packages/matplotlib/mpl-data/fonts/ttf/DejaVuSansMono-Bold.ttf', name='DejaVu Sans Mono', style='normal', variant='normal', weight=700, stretch='normal', size='scalable')) = 0.05
2026-04-24 09:05:23  DEBUG     matplotlib.font_manager         findfont: score(FontEntry(fname='/usr/local/lib/python3.12/dist-packages/matplotlib/mpl-data/fonts/ttf/DejaVuSerif.ttf', name='DejaVu Serif', style='normal', variant='normal', weight=400, stretch='normal', size='scalable')) = 10.335
2026-04-24 09:05:23  DEBUG     matplotlib.font_manager         findfont: score(FontEntry(fname='/usr/local/lib/python3.12/dist-packages/matplotlib/mpl-data/fonts/ttf/DejaVuSans.ttf', name='DejaVu Sans', style='normal', variant='normal', weight=400, stretch='normal', size='scalable')) = 10.335
2026-04-24 09:05:23  DEBUG     matplotlib.font_manager         findfont: score(FontEntry(fname='/usr/local/lib/python3.12/dist-packages/matplotlib/mpl-data/fonts/ttf/DejaVuSerif-BoldItalic.ttf', name='DejaVu Serif', style='italic', variant='normal', weight=700, stretch='normal', size='scalable')) = 11.05
2026-04-24 09:05:23  DEBUG     matplotlib.font_manager         findfont: score(FontEntry(fname='/usr/local/lib/python3.12/dist-packages/matplotlib/mpl-data/fonts/ttf/cmex10.ttf', name='cmex10', style='normal', variant='normal', weight=400, stretch='normal', size='scalable')) = 10.335
2026-04-24 09:05:23  DEBUG     matplotlib.font_manager         findfont: score(FontEntry(fname='/usr/local/lib/python3.12/dist-packages/matplotlib/mpl-data/fonts/ttf/STIXSizOneSymBol.ttf', name='STIXSizeOneSym', style='normal', variant='normal', weight=700, stretch='normal', size='scalable')) = 10.05
2026-04-24 09:05:23  DEBUG     matplotlib.font_manager         findfont: score(FontEntry(fname='/usr/local/lib/python3.12/dist-packages/matplotlib/mpl-data/fonts/ttf/DejaVuSansMono-BoldOblique.ttf', name='DejaVu Sans Mono', style='oblique', variant='normal', weight=700, stretch='normal', size='scalable')) = 1.05
2026-04-24 09:05:23  DEBUG     matplotlib.font_manager         findfont: score(FontEntry(fname='/usr/local/lib/python3.12/dist-packages/matplotlib/mpl-data/fonts/ttf/cmmi10.ttf', name='cmmi10', style='normal', variant='normal', weight=400, stretch='normal', size='scalable')) = 10.335
2026-04-24 09:05:23  DEBUG     matplotlib.font_manager         findfont: score(FontEntry(fname='/usr/local/lib/python3.12/dist-packages/matplotlib/mpl-data/fonts/ttf/DejaVuSans-Oblique.ttf', name='DejaVu Sans', style='oblique', variant='normal', weight=400, stretch='normal', size='scalable')) = 11.335
2026-04-24 09:05:23  DEBUG     matplotlib.font_manager         findfont: score(FontEntry(fname='/usr/local/lib/python3.12/dist-packages/matplotlib/mpl-data/fonts/ttf/DejaVuSerif-Italic.ttf', name='DejaVu Serif', style='italic', variant='normal', weight=400, stretch='normal', size='scalable')) = 11.335
2026-04-24 09:05:23  DEBUG     matplotlib.font_manager         findfont: score(FontEntry(fname='/usr/local/lib/python3.12/dist-packages/matplotlib/mpl-data/fonts/ttf/cmb10.ttf', name='cmb10', style='normal', variant='normal', weight=400, stretch='normal', size='scalable')) = 10.335
2026-04-24 09:05:23  DEBUG     matplotlib.font_manager         findfont: score(FontEntry(fname='/usr/local/lib/python3.12/dist-packages/matplotlib/mpl-data/fonts/ttf/STIXSizOneSymReg.ttf', name='STIXSizeOneSym', style='normal', variant='normal', weight=400, stretch='normal', size='scalable')) = 10.335
2026-04-24 09:05:23  DEBUG     matplotlib.font_manager         findfont: score(FontEntry(fname='/usr/local/lib/python3.12/dist-packages/matplotlib/mpl-data/fonts/ttf/STIXNonUniBolIta.ttf', name='STIXNonUnicode', style='italic', variant='normal', weight=700, stretch='normal', size='scalable')) = 11.05
2026-04-24 09:05:23  DEBUG     matplotlib.font_manager         findfont: score(FontEntry(fname='/usr/local/lib/python3.12/dist-packages/matplotlib/mpl-data/fonts/ttf/STIXSizTwoSymReg.ttf', name='STIXSizeTwoSym', style='normal', variant='normal', weight=400, stretch='normal', size='scalable')) = 10.335
2026-04-24 09:05:23  DEBUG     matplotlib.font_manager         findfont: score(FontEntry(fname='/usr/local/lib/python3.12/dist-packages/matplotlib/mpl-data/fonts/ttf/STIXSizThreeSymBol.ttf', name='STIXSizeThreeSym', style='normal', variant='normal', weight=700, stretch='normal', size='scalable')) = 10.05
2026-04-24 09:05:23  DEBUG     matplotlib.font_manager         findfont: score(FontEntry(fname='/usr/local/lib/python3.12/dist-packages/matplotlib/mpl-data/fonts/ttf/STIXGeneralItalic.ttf', name='STIXGeneral', style='italic', variant='normal', weight=400, stretch='normal', size='scalable')) = 11.335
2026-04-24 09:05:23  DEBUG     matplotlib.font_manager         findfont: score(FontEntry(fname='/usr/local/lib/python3.12/dist-packages/matplotlib/mpl-data/fonts/ttf/STIXGeneralBolIta.ttf', name='STIXGeneral', style='italic', variant='normal', weight=700, stretch='normal', size='scalable')) = 11.05
2026-04-24 09:05:23  DEBUG     matplotlib.font_manager         findfont: score(FontEntry(fname='/usr/local/lib/python3.12/dist-packages/matplotlib/mpl-data/fonts/ttf/cmr10.ttf', name='cmr10', style='normal', variant='normal', weight=400, stretch='normal', size='scalable')) = 10.335
2026-04-24 09:05:23  DEBUG     matplotlib.font_manager         findfont: score(FontEntry(fname='/usr/local/lib/python3.12/dist-packages/matplotlib/mpl-data/fonts/ttf/cmsy10.ttf', name='cmsy10', style='normal', variant='normal', weight=400, stretch='normal', size='scalable')) = 10.335
2026-04-24 09:05:23  DEBUG     matplotlib.font_manager         findfont: score(FontEntry(fname='/usr/local/lib/python3.12/dist-packages/matplotlib/mpl-data/fonts/ttf/STIXSizFourSymReg.ttf', name='STIXSizeFourSym', style='normal', variant='normal', weight=400, stretch='normal', size='scalable')) = 10.335
2026-04-24 09:05:23  DEBUG     matplotlib.font_manager         findfont: score(FontEntry(fname='/usr/local/lib/python3.12/dist-packages/matplotlib/mpl-data/fonts/ttf/STIXGeneralBol.ttf', name='STIXGeneral', style='normal', variant='normal', weight=700, stretch='normal', size='scalable')) = 10.05
2026-04-24 09:05:23  DEBUG     matplotlib.font_manager         findfont: score(FontEntry(fname='/usr/local/lib/python3.12/dist-packages/matplotlib/mpl-data/fonts/ttf/STIXGeneral.ttf', name='STIXGeneral', style='normal', variant='normal', weight=400, stretch='normal', size='scalable')) = 10.335
2026-04-24 09:05:23  DEBUG     matplotlib.font_manager         findfont: score(FontEntry(fname='/usr/local/lib/python3.12/dist-packages/matplotlib/mpl-data/fonts/ttf/DejaVuSansDisplay.ttf', name='DejaVu Sans Display', style='normal', variant='normal', weight=400, stretch='normal', size='scalable')) = 10.335
2026-04-24 09:05:23  DEBUG     matplotlib.font_manager         findfont: score(FontEntry(fname='/usr/local/lib/python3.12/dist-packages/matplotlib/mpl-data/fonts/ttf/DejaVuSans-Bold.ttf', name='DejaVu Sans', style='normal', variant='normal', weight=700, stretch='normal', size='scalable')) = 10.05
2026-04-24 09:05:23  DEBUG     matplotlib.font_manager         findfont: score(FontEntry(fname='/usr/local/lib/python3.12/dist-packages/matplotlib/mpl-data/fonts/ttf/DejaVuSans-BoldOblique.ttf', name='DejaVu Sans', style='oblique', variant='normal', weight=700, stretch='normal', size='scalable')) = 11.05
2026-04-24 09:05:23  DEBUG     matplotlib.font_manager         findfont: score(FontEntry(fname='/usr/local/lib/python3.12/dist-packages/matplotlib/mpl-data/fonts/ttf/STIXSizTwoSymBol.ttf', name='STIXSizeTwoSym', style='normal', variant='normal', weight=700, stretch='normal', size='scalable')) = 10.05
2026-04-24 09:05:23  DEBUG     matplotlib.font_manager         findfont: score(FontEntry(fname='/usr/local/lib/python3.12/dist-packages/matplotlib/mpl-data/fonts/ttf/STIXSizFiveSymReg.ttf', name='STIXSizeFiveSym', style='normal', variant='normal', weight=400, stretch='normal', size='scalable')) = 10.335
2026-04-24 09:05:23  DEBUG     matplotlib.font_manager         findfont: score(FontEntry(fname='/usr/local/lib/python3.12/dist-packages/matplotlib/mpl-data/fonts/ttf/DejaVuSansMono.ttf', name='DejaVu Sans Mono', style='normal', variant='normal', weight=400, stretch='normal', size='scalable')) = 0.33499999999999996
2026-04-24 09:05:23  DEBUG     matplotlib.font_manager         findfont: score(FontEntry(fname='/usr/local/lib/python3.12/dist-packages/matplotlib/mpl-data/fonts/ttf/DejaVuSerifDisplay.ttf', name='DejaVu Serif Display', style='normal', variant='normal', weight=400, stretch='normal', size='scalable')) = 10.335
2026-04-24 09:05:23  DEBUG     matplotlib.font_manager         findfont: score(FontEntry(fname='/usr/local/lib/python3.12/dist-packages/matplotlib/mpl-data/fonts/ttf/STIXNonUni.ttf', name='STIXNonUnicode', style='normal', variant='normal', weight=400, stretch='normal', size='scalable')) = 10.335
2026-04-24 09:05:23  DEBUG     matplotlib.font_manager         findfont: score(FontEntry(fname='/usr/local/lib/python3.12/dist-packages/matplotlib/mpl-data/fonts/ttf/cmss10.ttf', name='cmss10', style='normal', variant='normal', weight=400, stretch='normal', size='scalable')) = 10.335
2026-04-24 09:05:23  DEBUG     matplotlib.font_manager         findfont: score(FontEntry(fname='/usr/local/lib/python3.12/dist-packages/matplotlib/mpl-data/fonts/ttf/STIXSizThreeSymReg.ttf', name='STIXSizeThreeSym', style='normal', variant='normal', weight=400, stretch='normal', size='scalable')) = 10.335
2026-04-24 09:05:23  DEBUG     matplotlib.font_manager         findfont: score(FontEntry(fname='/usr/local/lib/python3.12/dist-packages/matplotlib/mpl-data/fonts/ttf/DejaVuSerif-Bold.ttf', name='DejaVu Serif', style='normal', variant='normal', weight=700, stretch='normal', size='scalable')) = 10.05
2026-04-24 09:05:23  DEBUG     matplotlib.font_manager         findfont: score(FontEntry(fname='/usr/local/lib/python3.12/dist-packages/matplotlib/mpl-data/fonts/ttf/STIXNonUniIta.ttf', name='STIXNonUnicode', style='italic', variant='normal', weight=400, stretch='normal', size='scalable')) = 11.335
2026-04-24 09:05:23  DEBUG     matplotlib.font_manager         findfont: score(FontEntry(fname='/usr/local/lib/python3.12/dist-packages/matplotlib/mpl-data/fonts/ttf/STIXSizFourSymBol.ttf', name='STIXSizeFourSym', style='normal', variant='normal', weight=700, stretch='normal', size='scalable')) = 10.05
2026-04-24 09:05:23  DEBUG     matplotlib.font_manager         findfont: score(FontEntry(fname='/usr/local/lib/python3.12/dist-packages/matplotlib/mpl-data/fonts/ttf/cmtt10.ttf', name='cmtt10', style='normal', variant='normal', weight=400, stretch='normal', size='scalable')) = 10.335
2026-04-24 09:05:23  DEBUG     matplotlib.font_manager         findfont: score(FontEntry(fname='/usr/share/fonts/truetype/liberation/LiberationMono-Italic.ttf', name='Liberation Mono', style='italic', variant='normal', weight=400, stretch='normal', size='scalable')) = 11.335
2026-04-24 09:05:23  DEBUG     matplotlib.font_manager         findfont: score(FontEntry(fname='/usr/share/fonts/truetype/liberation/LiberationMono-Regular.ttf', name='Liberation Mono', style='normal', variant='normal', weight=400, stretch='normal', size='scalable')) = 10.335
2026-04-24 09:05:23  DEBUG     matplotlib.font_manager         findfont: score(FontEntry(fname='/usr/share/fonts/truetype/liberation/LiberationSans-Italic.ttf', name='Liberation Sans', style='italic', variant='normal', weight=400, stretch='normal', size='scalable')) = 11.335
2026-04-24 09:05:23  DEBUG     matplotlib.font_manager         findfont: score(FontEntry(fname='/usr/share/fonts/truetype/liberation/LiberationSerif-BoldItalic.ttf', name='Liberation Serif', style='italic', variant='normal', weight=700, stretch='normal', size='scalable')) = 11.05
2026-04-24 09:05:23  DEBUG     matplotlib.font_manager         findfont: score(FontEntry(fname='/usr/share/fonts/truetype/liberation/LiberationSansNarrow-BoldItalic.ttf', name='Liberation Sans Narrow', style='italic', variant='normal', weight=700, stretch='condensed', size='scalable')) = 11.25
2026-04-24 09:05:23  DEBUG     matplotlib.font_manager         findfont: score(FontEntry(fname='/usr/share/fonts/truetype/liberation/LiberationSerif-Bold.ttf', name='Liberation Serif', style='normal', variant='normal', weight=700, stretch='normal', size='scalable')) = 10.05
2026-04-24 09:05:23  DEBUG     matplotlib.font_manager         findfont: score(FontEntry(fname='/usr/share/fonts/truetype/liberation/LiberationMono-Bold.ttf', name='Liberation Mono', style='normal', variant='normal', weight=700, stretch='normal', size='scalable')) = 10.05
2026-04-24 09:05:23  DEBUG     matplotlib.font_manager         findfont: score(FontEntry(fname='/usr/share/fonts/truetype/humor-sans/Humor-Sans.ttf', name='Humor Sans', style='normal', variant='normal', weight=400, stretch='normal', size='scalable')) = 10.335
2026-04-24 09:05:23  DEBUG     matplotlib.font_manager         findfont: score(FontEntry(fname='/usr/share/fonts/truetype/liberation/LiberationMono-BoldItalic.ttf', name='Liberation Mono', style='italic', variant='normal', weight=700, stretch='normal', size='scalable')) = 11.05
2026-04-24 09:05:23  DEBUG     matplotlib.font_manager         findfont: score(FontEntry(fname='/usr/share/fonts/truetype/liberation/LiberationSerif-Regular.ttf', name='Liberation Serif', style='normal', variant='normal', weight=400, stretch='normal', size='scalable')) = 10.335
2026-04-24 09:05:23  DEBUG     matplotlib.font_manager         findfont: score(FontEntry(fname='/usr/share/fonts/truetype/liberation/LiberationSansNarrow-Italic.ttf', name='Liberation Sans Narrow', style='italic', variant='normal', weight=400, stretch='condensed', size='scalable')) = 11.535
2026-04-24 09:05:23  DEBUG     matplotlib.font_manager         findfont: score(FontEntry(fname='/usr/share/fonts/truetype/liberation/LiberationSans-Bold.ttf', name='Liberation Sans', style='normal', variant='normal', weight=700, stretch='normal', size='scalable')) = 10.05
2026-04-24 09:05:23  DEBUG     matplotlib.font_manager         findfont: score(FontEntry(fname='/usr/share/fonts/truetype/liberation/LiberationSans-BoldItalic.ttf', name='Liberation Sans', style='italic', variant='normal', weight=700, stretch='normal', size='scalable')) = 11.05
2026-04-24 09:05:23  DEBUG     matplotlib.font_manager         findfont: score(FontEntry(fname='/usr/share/fonts/truetype/liberation/LiberationSerif-Italic.ttf', name='Liberation Serif', style='italic', variant='normal', weight=400, stretch='normal', size='scalable')) = 11.335
2026-04-24 09:05:23  DEBUG     matplotlib.font_manager         findfont: score(FontEntry(fname='/usr/share/fonts/truetype/liberation/LiberationSansNarrow-Regular.ttf', name='Liberation Sans Narrow', style='normal', variant='normal', weight=400, stretch='condensed', size='scalable')) = 10.535
2026-04-24 09:05:23  DEBUG     matplotlib.font_manager         findfont: score(FontEntry(fname='/usr/share/fonts/truetype/liberation/LiberationSans-Regular.ttf', name='Liberation Sans', style='normal', variant='normal', weight=400, stretch='normal', size='scalable')) = 10.335
2026-04-24 09:05:23  DEBUG     matplotlib.font_manager         findfont: score(FontEntry(fname='/usr/share/fonts/truetype/liberation/LiberationSansNarrow-Bold.ttf', name='Liberation Sans Narrow', style='normal', variant='normal', weight=700, stretch='condensed', size='scalable')) = 10.25
2026-04-24 09:05:23  DEBUG     matplotlib.font_manager         findfont: Matching monospace:style=normal:variant=normal:weight=bold:stretch=normal:size=13.0 to DejaVu Sans Mono ('/usr/local/lib/python3.12/dist-packages/matplotlib/mpl-data/fonts/ttf/DejaVuSansMono-Bold.ttf') with score of 0.050000.
2026-04-24 09:05:23  DEBUG     matplotlib.font_manager         findfont: Matching monospace:style=normal:variant=normal:weight=normal:stretch=normal:size=12.0.
2026-04-24 09:05:23  DEBUG     matplotlib.font_manager         findfont: score(FontEntry(fname='/usr/local/lib/python3.12/dist-packages/matplotlib/mpl-data/fonts/ttf/STIXNonUniBol.ttf', name='STIXNonUnicode', style='normal', variant='normal', weight=700, stretch='normal', size='scalable')) = 10.335
2026-04-24 09:05:23  DEBUG     matplotlib.font_manager         findfont: score(FontEntry(fname='/usr/local/lib/python3.12/dist-packages/matplotlib/mpl-data/fonts/ttf/DejaVuSansMono-Oblique.ttf', name='DejaVu Sans Mono', style='oblique', variant='normal', weight=400, stretch='normal', size='scalable')) = 1.05
2026-04-24 09:05:23  DEBUG     matplotlib.font_manager         findfont: score(FontEntry(fname='/usr/local/lib/python3.12/dist-packages/matplotlib/mpl-data/fonts/ttf/DejaVuSansMono-Bold.ttf', name='DejaVu Sans Mono', style='normal', variant='normal', weight=700, stretch='normal', size='scalable')) = 0.33499999999999996
2026-04-24 09:05:23  DEBUG     matplotlib.font_manager         findfont: score(FontEntry(fname='/usr/local/lib/python3.12/dist-packages/matplotlib/mpl-data/fonts/ttf/DejaVuSerif.ttf', name='DejaVu Serif', style='normal', variant='normal', weight=400, stretch='normal', size='scalable')) = 10.05
2026-04-24 09:05:23  DEBUG     matplotlib.font_manager         findfont: score(FontEntry(fname='/usr/local/lib/python3.12/dist-packages/matplotlib/mpl-data/fonts/ttf/DejaVuSans.ttf', name='DejaVu Sans', style='normal', variant='normal', weight=400, stretch='normal', size='scalable')) = 10.05
2026-04-24 09:05:23  DEBUG     matplotlib.font_manager         findfont: score(FontEntry(fname='/usr/local/lib/python3.12/dist-packages/matplotlib/mpl-data/fonts/ttf/DejaVuSerif-BoldItalic.ttf', name='DejaVu Serif', style='italic', variant='normal', weight=700, stretch='normal', size='scalable')) = 11.335
2026-04-24 09:05:23  DEBUG     matplotlib.font_manager         findfont: score(FontEntry(fname='/usr/local/lib/python3.12/dist-packages/matplotlib/mpl-data/fonts/ttf/cmex10.ttf', name='cmex10', style='normal', variant='normal', weight=400, stretch='normal', size='scalable')) = 10.05
2026-04-24 09:05:23  DEBUG     matplotlib.font_manager         findfont: score(FontEntry(fname='/usr/local/lib/python3.12/dist-packages/matplotlib/mpl-data/fonts/ttf/STIXSizOneSymBol.ttf', name='STIXSizeOneSym', style='normal', variant='normal', weight=700, stretch='normal', size='scalable')) = 10.335
2026-04-24 09:05:23  DEBUG     matplotlib.font_manager         findfont: score(FontEntry(fname='/usr/local/lib/python3.12/dist-packages/matplotlib/mpl-data/fonts/ttf/DejaVuSansMono-BoldOblique.ttf', name='DejaVu Sans Mono', style='oblique', variant='normal', weight=700, stretch='normal', size='scalable')) = 1.335
2026-04-24 09:05:23  DEBUG     matplotlib.font_manager         findfont: score(FontEntry(fname='/usr/local/lib/python3.12/dist-packages/matplotlib/mpl-data/fonts/ttf/cmmi10.ttf', name='cmmi10', style='normal', variant='normal', weight=400, stretch='normal', size='scalable')) = 10.05
2026-04-24 09:05:23  DEBUG     matplotlib.font_manager         findfont: score(FontEntry(fname='/usr/local/lib/python3.12/dist-packages/matplotlib/mpl-data/fonts/ttf/DejaVuSans-Oblique.ttf', name='DejaVu Sans', style='oblique', variant='normal', weight=400, stretch='normal', size='scalable')) = 11.05
2026-04-24 09:05:23  DEBUG     matplotlib.font_manager         findfont: score(FontEntry(fname='/usr/local/lib/python3.12/dist-packages/matplotlib/mpl-data/fonts/ttf/DejaVuSerif-Italic.ttf', name='DejaVu Serif', style='italic', variant='normal', weight=400, stretch='normal', size='scalable')) = 11.05
2026-04-24 09:05:23  DEBUG     matplotlib.font_manager         findfont: score(FontEntry(fname='/usr/local/lib/python3.12/dist-packages/matplotlib/mpl-data/fonts/ttf/cmb10.ttf', name='cmb10', style='normal', variant='normal', weight=400, stretch='normal', size='scalable')) = 10.05
2026-04-24 09:05:23  DEBUG     matplotlib.font_manager         findfont: score(FontEntry(fname='/usr/local/lib/python3.12/dist-packages/matplotlib/mpl-data/fonts/ttf/STIXSizOneSymReg.ttf', name='STIXSizeOneSym', style='normal', variant='normal', weight=400, stretch='normal', size='scalable')) = 10.05
2026-04-24 09:05:23  DEBUG     matplotlib.font_manager         findfont: score(FontEntry(fname='/usr/local/lib/python3.12/dist-packages/matplotlib/mpl-data/fonts/ttf/STIXNonUniBolIta.ttf', name='STIXNonUnicode', style='italic', variant='normal', weight=700, stretch='normal', size='scalable')) = 11.335
2026-04-24 09:05:23  DEBUG     matplotlib.font_manager         findfont: score(FontEntry(fname='/usr/local/lib/python3.12/dist-packages/matplotlib/mpl-data/fonts/ttf/STIXSizTwoSymReg.ttf', name='STIXSizeTwoSym', style='normal', variant='normal', weight=400, stretch='normal', size='scalable')) = 10.05
2026-04-24 09:05:23  DEBUG     matplotlib.font_manager         findfont: score(FontEntry(fname='/usr/local/lib/python3.12/dist-packages/matplotlib/mpl-data/fonts/ttf/STIXSizThreeSymBol.ttf', name='STIXSizeThreeSym', style='normal', variant='normal', weight=700, stretch='normal', size='scalable')) = 10.335
2026-04-24 09:05:23  DEBUG     matplotlib.font_manager         findfont: score(FontEntry(fname='/usr/local/lib/python3.12/dist-packages/matplotlib/mpl-data/fonts/ttf/STIXGeneralItalic.ttf', name='STIXGeneral', style='italic', variant='normal', weight=400, stretch='normal', size='scalable')) = 11.05
2026-04-24 09:05:23  DEBUG     matplotlib.font_manager         findfont: score(FontEntry(fname='/usr/local/lib/python3.12/dist-packages/matplotlib/mpl-data/fonts/ttf/STIXGeneralBolIta.ttf', name='STIXGeneral', style='italic', variant='normal', weight=700, stretch='normal', size='scalable')) = 11.335
2026-04-24 09:05:23  DEBUG     matplotlib.font_manager         findfont: score(FontEntry(fname='/usr/local/lib/python3.12/dist-packages/matplotlib/mpl-data/fonts/ttf/cmr10.ttf', name='cmr10', style='normal', variant='normal', weight=400, stretch='normal', size='scalable')) = 10.05
2026-04-24 09:05:23  DEBUG     matplotlib.font_manager         findfont: score(FontEntry(fname='/usr/local/lib/python3.12/dist-packages/matplotlib/mpl-data/fonts/ttf/cmsy10.ttf', name='cmsy10', style='normal', variant='normal', weight=400, stretch='normal', size='scalable')) = 10.05
2026-04-24 09:05:23  DEBUG     matplotlib.font_manager         findfont: score(FontEntry(fname='/usr/local/lib/python3.12/dist-packages/matplotlib/mpl-data/fonts/ttf/STIXSizFourSymReg.ttf', name='STIXSizeFourSym', style='normal', variant='normal', weight=400, stretch='normal', size='scalable')) = 10.05
2026-04-24 09:05:23  DEBUG     matplotlib.font_manager         findfont: score(FontEntry(fname='/usr/local/lib/python3.12/dist-packages/matplotlib/mpl-data/fonts/ttf/STIXGeneralBol.ttf', name='STIXGeneral', style='normal', variant='normal', weight=700, stretch='normal', size='scalable')) = 10.335
2026-04-24 09:05:23  DEBUG     matplotlib.font_manager         findfont: score(FontEntry(fname='/usr/local/lib/python3.12/dist-packages/matplotlib/mpl-data/fonts/ttf/STIXGeneral.ttf', name='STIXGeneral', style='normal', variant='normal', weight=400, stretch='normal', size='scalable')) = 10.05
2026-04-24 09:05:23  DEBUG     matplotlib.font_manager         findfont: score(FontEntry(fname='/usr/local/lib/python3.12/dist-packages/matplotlib/mpl-data/fonts/ttf/DejaVuSansDisplay.ttf', name='DejaVu Sans Display', style='normal', variant='normal', weight=400, stretch='normal', size='scalable')) = 10.05
2026-04-24 09:05:23  DEBUG     matplotlib.font_manager         findfont: score(FontEntry(fname='/usr/local/lib/python3.12/dist-packages/matplotlib/mpl-data/fonts/ttf/DejaVuSans-Bold.ttf', name='DejaVu Sans', style='normal', variant='normal', weight=700, stretch='normal', size='scalable')) = 10.335
2026-04-24 09:05:23  DEBUG     matplotlib.font_manager         findfont: score(FontEntry(fname='/usr/local/lib/python3.12/dist-packages/matplotlib/mpl-data/fonts/ttf/DejaVuSans-BoldOblique.ttf', name='DejaVu Sans', style='oblique', variant='normal', weight=700, stretch='normal', size='scalable')) = 11.335
2026-04-24 09:05:23  DEBUG     matplotlib.font_manager         findfont: score(FontEntry(fname='/usr/local/lib/python3.12/dist-packages/matplotlib/mpl-data/fonts/ttf/STIXSizTwoSymBol.ttf', name='STIXSizeTwoSym', style='normal', variant='normal', weight=700, stretch='normal', size='scalable')) = 10.335
2026-04-24 09:05:23  DEBUG     matplotlib.font_manager         findfont: score(FontEntry(fname='/usr/local/lib/python3.12/dist-packages/matplotlib/mpl-data/fonts/ttf/STIXSizFiveSymReg.ttf', name='STIXSizeFiveSym', style='normal', variant='normal', weight=400, stretch='normal', size='scalable')) = 10.05
2026-04-24 09:05:23  DEBUG     matplotlib.font_manager         findfont: score(FontEntry(fname='/usr/local/lib/python3.12/dist-packages/matplotlib/mpl-data/fonts/ttf/DejaVuSansMono.ttf', name='DejaVu Sans Mono', style='normal', variant='normal', weight=400, stretch='normal', size='scalable')) = 0.05
2026-04-24 09:05:23  DEBUG     matplotlib.font_manager         findfont: score(FontEntry(fname='/usr/local/lib/python3.12/dist-packages/matplotlib/mpl-data/fonts/ttf/DejaVuSerifDisplay.ttf', name='DejaVu Serif Display', style='normal', variant='normal', weight=400, stretch='normal', size='scalable')) = 10.05
2026-04-24 09:05:23  DEBUG     matplotlib.font_manager         findfont: score(FontEntry(fname='/usr/local/lib/python3.12/dist-packages/matplotlib/mpl-data/fonts/ttf/STIXNonUni.ttf', name='STIXNonUnicode', style='normal', variant='normal', weight=400, stretch='normal', size='scalable')) = 10.05
2026-04-24 09:05:23  DEBUG     matplotlib.font_manager         findfont: score(FontEntry(fname='/usr/local/lib/python3.12/dist-packages/matplotlib/mpl-data/fonts/ttf/cmss10.ttf', name='cmss10', style='normal', variant='normal', weight=400, stretch='normal', size='scalable')) = 10.05
2026-04-24 09:05:23  DEBUG     matplotlib.font_manager         findfont: score(FontEntry(fname='/usr/local/lib/python3.12/dist-packages/matplotlib/mpl-data/fonts/ttf/STIXSizThreeSymReg.ttf', name='STIXSizeThreeSym', style='normal', variant='normal', weight=400, stretch='normal', size='scalable')) = 10.05
2026-04-24 09:05:23  DEBUG     matplotlib.font_manager         findfont: score(FontEntry(fname='/usr/local/lib/python3.12/dist-packages/matplotlib/mpl-data/fonts/ttf/DejaVuSerif-Bold.ttf', name='DejaVu Serif', style='normal', variant='normal', weight=700, stretch='normal', size='scalable')) = 10.335
2026-04-24 09:05:23  DEBUG     matplotlib.font_manager         findfont: score(FontEntry(fname='/usr/local/lib/python3.12/dist-packages/matplotlib/mpl-data/fonts/ttf/STIXNonUniIta.ttf', name='STIXNonUnicode', style='italic', variant='normal', weight=400, stretch='normal', size='scalable')) = 11.05
2026-04-24 09:05:23  DEBUG     matplotlib.font_manager         findfont: score(FontEntry(fname='/usr/local/lib/python3.12/dist-packages/matplotlib/mpl-data/fonts/ttf/STIXSizFourSymBol.ttf', name='STIXSizeFourSym', style='normal', variant='normal', weight=700, stretch='normal', size='scalable')) = 10.335
2026-04-24 09:05:23  DEBUG     matplotlib.font_manager         findfont: score(FontEntry(fname='/usr/local/lib/python3.12/dist-packages/matplotlib/mpl-data/fonts/ttf/cmtt10.ttf', name='cmtt10', style='normal', variant='normal', weight=400, stretch='normal', size='scalable')) = 10.05
2026-04-24 09:05:23  DEBUG     matplotlib.font_manager         findfont: score(FontEntry(fname='/usr/share/fonts/truetype/liberation/LiberationMono-Italic.ttf', name='Liberation Mono', style='italic', variant='normal', weight=400, stretch='normal', size='scalable')) = 11.05
2026-04-24 09:05:23  DEBUG     matplotlib.font_manager         findfont: score(FontEntry(fname='/usr/share/fonts/truetype/liberation/LiberationMono-Regular.ttf', name='Liberation Mono', style='normal', variant='normal', weight=400, stretch='normal', size='scalable')) = 10.05
2026-04-24 09:05:23  DEBUG     matplotlib.font_manager         findfont: score(FontEntry(fname='/usr/share/fonts/truetype/liberation/LiberationSans-Italic.ttf', name='Liberation Sans', style='italic', variant='normal', weight=400, stretch='normal', size='scalable')) = 11.05
2026-04-24 09:05:23  DEBUG     matplotlib.font_manager         findfont: score(FontEntry(fname='/usr/share/fonts/truetype/liberation/LiberationSerif-BoldItalic.ttf', name='Liberation Serif', style='italic', variant='normal', weight=700, stretch='normal', size='scalable')) = 11.335
2026-04-24 09:05:23  DEBUG     matplotlib.font_manager         findfont: score(FontEntry(fname='/usr/share/fonts/truetype/liberation/LiberationSansNarrow-BoldItalic.ttf', name='Liberation Sans Narrow', style='italic', variant='normal', weight=700, stretch='condensed', size='scalable')) = 11.535
2026-04-24 09:05:23  DEBUG     matplotlib.font_manager         findfont: score(FontEntry(fname='/usr/share/fonts/truetype/liberation/LiberationSerif-Bold.ttf', name='Liberation Serif', style='normal', variant='normal', weight=700, stretch='normal', size='scalable')) = 10.335
2026-04-24 09:05:23  DEBUG     matplotlib.font_manager         findfont: score(FontEntry(fname='/usr/share/fonts/truetype/liberation/LiberationMono-Bold.ttf', name='Liberation Mono', style='normal', variant='normal', weight=700, stretch='normal', size='scalable')) = 10.335
2026-04-24 09:05:23  DEBUG     matplotlib.font_manager         findfont: score(FontEntry(fname='/usr/share/fonts/truetype/humor-sans/Humor-Sans.ttf', name='Humor Sans', style='normal', variant='normal', weight=400, stretch='normal', size='scalable')) = 10.05
2026-04-24 09:05:23  DEBUG     matplotlib.font_manager         findfont: score(FontEntry(fname='/usr/share/fonts/truetype/liberation/LiberationMono-BoldItalic.ttf', name='Liberation Mono', style='italic', variant='normal', weight=700, stretch='normal', size='scalable')) = 11.335
2026-04-24 09:05:23  DEBUG     matplotlib.font_manager         findfont: score(FontEntry(fname='/usr/share/fonts/truetype/liberation/LiberationSerif-Regular.ttf', name='Liberation Serif', style='normal', variant='normal', weight=400, stretch='normal', size='scalable')) = 10.05
2026-04-24 09:05:23  DEBUG     matplotlib.font_manager         findfont: score(FontEntry(fname='/usr/share/fonts/truetype/liberation/LiberationSansNarrow-Italic.ttf', name='Liberation Sans Narrow', style='italic', variant='normal', weight=400, stretch='condensed', size='scalable')) = 11.25
2026-04-24 09:05:23  DEBUG     matplotlib.font_manager         findfont: score(FontEntry(fname='/usr/share/fonts/truetype/liberation/LiberationSans-Bold.ttf', name='Liberation Sans', style='normal', variant='normal', weight=700, stretch='normal', size='scalable')) = 10.335
2026-04-24 09:05:23  DEBUG     matplotlib.font_manager         findfont: score(FontEntry(fname='/usr/share/fonts/truetype/liberation/LiberationSans-BoldItalic.ttf', name='Liberation Sans', style='italic', variant='normal', weight=700, stretch='normal', size='scalable')) = 11.335
2026-04-24 09:05:23  DEBUG     matplotlib.font_manager         findfont: score(FontEntry(fname='/usr/share/fonts/truetype/liberation/LiberationSerif-Italic.ttf', name='Liberation Serif', style='italic', variant='normal', weight=400, stretch='normal', size='scalable')) = 11.05
2026-04-24 09:05:23  DEBUG     matplotlib.font_manager         findfont: score(FontEntry(fname='/usr/share/fonts/truetype/liberation/LiberationSansNarrow-Regular.ttf', name='Liberation Sans Narrow', style='normal', variant='normal', weight=400, stretch='condensed', size='scalable')) = 10.25
2026-04-24 09:05:23  DEBUG     matplotlib.font_manager         findfont: score(FontEntry(fname='/usr/share/fonts/truetype/liberation/LiberationSans-Regular.ttf', name='Liberation Sans', style='normal', variant='normal', weight=400, stretch='normal', size='scalable')) = 10.05
2026-04-24 09:05:23  DEBUG     matplotlib.font_manager         findfont: score(FontEntry(fname='/usr/share/fonts/truetype/liberation/LiberationSansNarrow-Bold.ttf', name='Liberation Sans Narrow', style='normal', variant='normal', weight=700, stretch='condensed', size='scalable')) = 10.535
2026-04-24 09:05:23  DEBUG     matplotlib.font_manager         findfont: Matching monospace:style=normal:variant=normal:weight=normal:stretch=normal:size=12.0 to DejaVu Sans Mono ('/usr/local/lib/python3.12/dist-packages/matplotlib/mpl-data/fonts/ttf/DejaVuSansMono.ttf') with score of 0.050000.
2026-04-24 09:05:24  DEBUG     PIL.PngImagePlugin              STREAM b'IHDR' 16 13
2026-04-24 09:05:24  DEBUG     PIL.PngImagePlugin              STREAM b'tEXt' 41 58
2026-04-24 09:05:24  DEBUG     PIL.PngImagePlugin              STREAM b'pHYs' 111 9
2026-04-24 09:05:24  DEBUG     PIL.PngImagePlugin              STREAM b'IDAT' 132 65536
2026-04-24 09:05:24  DEBUG     src.visualize                   GIF: rendered frame epoch=1/100
2026-04-24 09:05:25  DEBUG     PIL.PngImagePlugin              STREAM b'IHDR' 16 13
2026-04-24 09:05:25  DEBUG     PIL.PngImagePlugin              STREAM b'tEXt' 41 58
2026-04-24 09:05:25  DEBUG     PIL.PngImagePlugin              STREAM b'pHYs' 111 9
2026-04-24 09:05:25  DEBUG     PIL.PngImagePlugin              STREAM b'IDAT' 132 65536
2026-04-24 09:05:27  DEBUG     PIL.PngImagePlugin              STREAM b'IHDR' 16 13
2026-04-24 09:05:27  DEBUG     PIL.PngImagePlugin              STREAM b'tEXt' 41 58
2026-04-24 09:05:27  DEBUG     PIL.PngImagePlugin              STREAM b'pHYs' 111 9
2026-04-24 09:05:27  DEBUG     PIL.PngImagePlugin              STREAM b'IDAT' 132 65536
2026-04-24 09:05:29  DEBUG     PIL.PngImagePlugin              STREAM b'IHDR' 16 13
2026-04-24 09:05:29  DEBUG     PIL.PngImagePlugin              STREAM b'tEXt' 41 58
2026-04-24 09:05:29  DEBUG     PIL.PngImagePlugin              STREAM b'pHYs' 111 9
2026-04-24 09:05:29  DEBUG     PIL.PngImagePlugin              STREAM b'IDAT' 132 65536
2026-04-24 09:05:31  DEBUG     PIL.PngImagePlugin              STREAM b'IHDR' 16 13
2026-04-24 09:05:31  DEBUG     PIL.PngImagePlugin              STREAM b'tEXt' 41 58
2026-04-24 09:05:31  DEBUG     PIL.PngImagePlugin              STREAM b'pHYs' 111 9
2026-04-24 09:05:31  DEBUG     PIL.PngImagePlugin              STREAM b'IDAT' 132 65536
2026-04-24 09:05:31  DEBUG     src.visualize                   GIF: rendered frame epoch=5/100
2026-04-24 09:05:33  DEBUG     PIL.PngImagePlugin              STREAM b'IHDR' 16 13
2026-04-24 09:05:33  DEBUG     PIL.PngImagePlugin              STREAM b'tEXt' 41 58
2026-04-24 09:05:33  DEBUG     PIL.PngImagePlugin              STREAM b'pHYs' 111 9
2026-04-24 09:05:33  DEBUG     PIL.PngImagePlugin              STREAM b'IDAT' 132 65536
2026-04-24 09:05:35  DEBUG     PIL.PngImagePlugin              STREAM b'IHDR' 16 13
2026-04-24 09:05:35  DEBUG     PIL.PngImagePlugin              STREAM b'tEXt' 41 58
2026-04-24 09:05:35  DEBUG     PIL.PngImagePlugin              STREAM b'pHYs' 111 9
2026-04-24 09:05:35  DEBUG     PIL.PngImagePlugin              STREAM b'IDAT' 132 65536
2026-04-24 09:05:36  DEBUG     PIL.PngImagePlugin              STREAM b'IHDR' 16 13
2026-04-24 09:05:36  DEBUG     PIL.PngImagePlugin              STREAM b'tEXt' 41 58
2026-04-24 09:05:36  DEBUG     PIL.PngImagePlugin              STREAM b'pHYs' 111 9
2026-04-24 09:05:36  DEBUG     PIL.PngImagePlugin              STREAM b'IDAT' 132 65536
2026-04-24 09:05:38  DEBUG     PIL.PngImagePlugin              STREAM b'IHDR' 16 13
2026-04-24 09:05:38  DEBUG     PIL.PngImagePlugin              STREAM b'tEXt' 41 58
2026-04-24 09:05:38  DEBUG     PIL.PngImagePlugin              STREAM b'pHYs' 111 9
2026-04-24 09:05:38  DEBUG     PIL.PngImagePlugin              STREAM b'IDAT' 132 65536
2026-04-24 09:05:40  DEBUG     PIL.PngImagePlugin              STREAM b'IHDR' 16 13
2026-04-24 09:05:40  DEBUG     PIL.PngImagePlugin              STREAM b'tEXt' 41 58
2026-04-24 09:05:40  DEBUG     PIL.PngImagePlugin              STREAM b'pHYs' 111 9
2026-04-24 09:05:40  DEBUG     PIL.PngImagePlugin              STREAM b'IDAT' 132 65536
2026-04-24 09:05:40  DEBUG     src.visualize                   GIF: rendered frame epoch=10/100
2026-04-24 09:05:42  DEBUG     PIL.PngImagePlugin              STREAM b'IHDR' 16 13
2026-04-24 09:05:42  DEBUG     PIL.PngImagePlugin              STREAM b'tEXt' 41 58
2026-04-24 09:05:42  DEBUG     PIL.PngImagePlugin              STREAM b'pHYs' 111 9
2026-04-24 09:05:42  DEBUG     PIL.PngImagePlugin              STREAM b'IDAT' 132 65536
2026-04-24 09:05:44  DEBUG     PIL.PngImagePlugin              STREAM b'IHDR' 16 13
2026-04-24 09:05:44  DEBUG     PIL.PngImagePlugin              STREAM b'tEXt' 41 58
2026-04-24 09:05:44  DEBUG     PIL.PngImagePlugin              STREAM b'pHYs' 111 9
2026-04-24 09:05:44  DEBUG     PIL.PngImagePlugin              STREAM b'IDAT' 132 65536
2026-04-24 09:05:46  DEBUG     PIL.PngImagePlugin              STREAM b'IHDR' 16 13
2026-04-24 09:05:46  DEBUG     PIL.PngImagePlugin              STREAM b'tEXt' 41 58
2026-04-24 09:05:46  DEBUG     PIL.PngImagePlugin              STREAM b'pHYs' 111 9
2026-04-24 09:05:46  DEBUG     PIL.PngImagePlugin              STREAM b'IDAT' 132 65536
2026-04-24 09:05:48  DEBUG     PIL.PngImagePlugin              STREAM b'IHDR' 16 13
2026-04-24 09:05:48  DEBUG     PIL.PngImagePlugin              STREAM b'tEXt' 41 58
2026-04-24 09:05:48  DEBUG     PIL.PngImagePlugin              STREAM b'pHYs' 111 9
2026-04-24 09:05:48  DEBUG     PIL.PngImagePlugin              STREAM b'IDAT' 132 65536
2026-04-24 09:05:50  DEBUG     PIL.PngImagePlugin              STREAM b'IHDR' 16 13
2026-04-24 09:05:50  DEBUG     PIL.PngImagePlugin              STREAM b'tEXt' 41 58
2026-04-24 09:05:50  DEBUG     PIL.PngImagePlugin              STREAM b'pHYs' 111 9
2026-04-24 09:05:50  DEBUG     PIL.PngImagePlugin              STREAM b'IDAT' 132 65536
2026-04-24 09:05:50  DEBUG     src.visualize                   GIF: rendered frame epoch=15/100
2026-04-24 09:05:52  DEBUG     PIL.PngImagePlugin              STREAM b'IHDR' 16 13
2026-04-24 09:05:52  DEBUG     PIL.PngImagePlugin              STREAM b'tEXt' 41 58
2026-04-24 09:05:52  DEBUG     PIL.PngImagePlugin              STREAM b'pHYs' 111 9
2026-04-24 09:05:52  DEBUG     PIL.PngImagePlugin              STREAM b'IDAT' 132 65536
2026-04-24 09:05:53  DEBUG     PIL.PngImagePlugin              STREAM b'IHDR' 16 13
2026-04-24 09:05:53  DEBUG     PIL.PngImagePlugin              STREAM b'tEXt' 41 58
2026-04-24 09:05:53  DEBUG     PIL.PngImagePlugin              STREAM b'pHYs' 111 9
2026-04-24 09:05:53  DEBUG     PIL.PngImagePlugin              STREAM b'IDAT' 132 65536
2026-04-24 09:05:55  DEBUG     PIL.PngImagePlugin              STREAM b'IHDR' 16 13
2026-04-24 09:05:55  DEBUG     PIL.PngImagePlugin              STREAM b'tEXt' 41 58
2026-04-24 09:05:55  DEBUG     PIL.PngImagePlugin              STREAM b'pHYs' 111 9
2026-04-24 09:05:55  DEBUG     PIL.PngImagePlugin              STREAM b'IDAT' 132 65536
2026-04-24 09:05:57  DEBUG     PIL.PngImagePlugin              STREAM b'IHDR' 16 13
2026-04-24 09:05:57  DEBUG     PIL.PngImagePlugin              STREAM b'tEXt' 41 58
2026-04-24 09:05:57  DEBUG     PIL.PngImagePlugin              STREAM b'pHYs' 111 9
2026-04-24 09:05:57  DEBUG     PIL.PngImagePlugin              STREAM b'IDAT' 132 65536
2026-04-24 09:05:59  DEBUG     PIL.PngImagePlugin              STREAM b'IHDR' 16 13
2026-04-24 09:05:59  DEBUG     PIL.PngImagePlugin              STREAM b'tEXt' 41 58
2026-04-24 09:05:59  DEBUG     PIL.PngImagePlugin              STREAM b'pHYs' 111 9
2026-04-24 09:05:59  DEBUG     PIL.PngImagePlugin              STREAM b'IDAT' 132 65536
2026-04-24 09:05:59  DEBUG     src.visualize                   GIF: rendered frame epoch=20/100
2026-04-24 09:06:01  DEBUG     PIL.PngImagePlugin              STREAM b'IHDR' 16 13
2026-04-24 09:06:01  DEBUG     PIL.PngImagePlugin              STREAM b'tEXt' 41 58
2026-04-24 09:06:01  DEBUG     PIL.PngImagePlugin              STREAM b'pHYs' 111 9
2026-04-24 09:06:01  DEBUG     PIL.PngImagePlugin              STREAM b'IDAT' 132 65536
2026-04-24 09:06:02  DEBUG     PIL.PngImagePlugin              STREAM b'IHDR' 16 13
2026-04-24 09:06:02  DEBUG     PIL.PngImagePlugin              STREAM b'tEXt' 41 58
2026-04-24 09:06:02  DEBUG     PIL.PngImagePlugin              STREAM b'pHYs' 111 9
2026-04-24 09:06:02  DEBUG     PIL.PngImagePlugin              STREAM b'IDAT' 132 65536
2026-04-24 09:06:04  DEBUG     PIL.PngImagePlugin              STREAM b'IHDR' 16 13
2026-04-24 09:06:04  DEBUG     PIL.PngImagePlugin              STREAM b'tEXt' 41 58
2026-04-24 09:06:04  DEBUG     PIL.PngImagePlugin              STREAM b'pHYs' 111 9
2026-04-24 09:06:04  DEBUG     PIL.PngImagePlugin              STREAM b'IDAT' 132 65536
2026-04-24 09:06:06  DEBUG     PIL.PngImagePlugin              STREAM b'IHDR' 16 13
2026-04-24 09:06:06  DEBUG     PIL.PngImagePlugin              STREAM b'tEXt' 41 58
2026-04-24 09:06:06  DEBUG     PIL.PngImagePlugin              STREAM b'pHYs' 111 9
2026-04-24 09:06:06  DEBUG     PIL.PngImagePlugin              STREAM b'IDAT' 132 65536
2026-04-24 09:06:08  DEBUG     PIL.PngImagePlugin              STREAM b'IHDR' 16 13
2026-04-24 09:06:08  DEBUG     PIL.PngImagePlugin              STREAM b'tEXt' 41 58
2026-04-24 09:06:08  DEBUG     PIL.PngImagePlugin              STREAM b'pHYs' 111 9
2026-04-24 09:06:08  DEBUG     PIL.PngImagePlugin              STREAM b'IDAT' 132 65536
2026-04-24 09:06:08  DEBUG     src.visualize                   GIF: rendered frame epoch=25/100
2026-04-24 09:06:10  DEBUG     PIL.PngImagePlugin              STREAM b'IHDR' 16 13
2026-04-24 09:06:10  DEBUG     PIL.PngImagePlugin              STREAM b'tEXt' 41 58
2026-04-24 09:06:10  DEBUG     PIL.PngImagePlugin              STREAM b'pHYs' 111 9
2026-04-24 09:06:10  DEBUG     PIL.PngImagePlugin              STREAM b'IDAT' 132 65536
2026-04-24 09:06:12  DEBUG     PIL.PngImagePlugin              STREAM b'IHDR' 16 13
2026-04-24 09:06:12  DEBUG     PIL.PngImagePlugin              STREAM b'tEXt' 41 58
2026-04-24 09:06:12  DEBUG     PIL.PngImagePlugin              STREAM b'pHYs' 111 9
2026-04-24 09:06:12  DEBUG     PIL.PngImagePlugin              STREAM b'IDAT' 132 65536
2026-04-24 09:06:14  DEBUG     PIL.PngImagePlugin              STREAM b'IHDR' 16 13
2026-04-24 09:06:14  DEBUG     PIL.PngImagePlugin              STREAM b'tEXt' 41 58
2026-04-24 09:06:14  DEBUG     PIL.PngImagePlugin              STREAM b'pHYs' 111 9
2026-04-24 09:06:14  DEBUG     PIL.PngImagePlugin              STREAM b'IDAT' 132 65536
2026-04-24 09:06:16  DEBUG     PIL.PngImagePlugin              STREAM b'IHDR' 16 13
2026-04-24 09:06:16  DEBUG     PIL.PngImagePlugin              STREAM b'tEXt' 41 58
2026-04-24 09:06:16  DEBUG     PIL.PngImagePlugin              STREAM b'pHYs' 111 9
2026-04-24 09:06:16  DEBUG     PIL.PngImagePlugin              STREAM b'IDAT' 132 65536
2026-04-24 09:06:18  DEBUG     PIL.PngImagePlugin              STREAM b'IHDR' 16 13
2026-04-24 09:06:18  DEBUG     PIL.PngImagePlugin              STREAM b'tEXt' 41 58
2026-04-24 09:06:18  DEBUG     PIL.PngImagePlugin              STREAM b'pHYs' 111 9
2026-04-24 09:06:18  DEBUG     PIL.PngImagePlugin              STREAM b'IDAT' 132 65536
2026-04-24 09:06:18  DEBUG     src.visualize                   GIF: rendered frame epoch=30/100
2026-04-24 09:06:20  DEBUG     PIL.PngImagePlugin              STREAM b'IHDR' 16 13
2026-04-24 09:06:20  DEBUG     PIL.PngImagePlugin              STREAM b'tEXt' 41 58
2026-04-24 09:06:20  DEBUG     PIL.PngImagePlugin              STREAM b'pHYs' 111 9
2026-04-24 09:06:20  DEBUG     PIL.PngImagePlugin              STREAM b'IDAT' 132 65536
2026-04-24 09:06:21  DEBUG     PIL.PngImagePlugin              STREAM b'IHDR' 16 13
2026-04-24 09:06:21  DEBUG     PIL.PngImagePlugin              STREAM b'tEXt' 41 58
2026-04-24 09:06:21  DEBUG     PIL.PngImagePlugin              STREAM b'pHYs' 111 9
2026-04-24 09:06:21  DEBUG     PIL.PngImagePlugin              STREAM b'IDAT' 132 65536
2026-04-24 09:06:23  DEBUG     PIL.PngImagePlugin              STREAM b'IHDR' 16 13
2026-04-24 09:06:23  DEBUG     PIL.PngImagePlugin              STREAM b'tEXt' 41 58
2026-04-24 09:06:23  DEBUG     PIL.PngImagePlugin              STREAM b'pHYs' 111 9
2026-04-24 09:06:23  DEBUG     PIL.PngImagePlugin              STREAM b'IDAT' 132 65536
2026-04-24 09:06:25  DEBUG     PIL.PngImagePlugin              STREAM b'IHDR' 16 13
2026-04-24 09:06:25  DEBUG     PIL.PngImagePlugin              STREAM b'tEXt' 41 58
2026-04-24 09:06:25  DEBUG     PIL.PngImagePlugin              STREAM b'pHYs' 111 9
2026-04-24 09:06:25  DEBUG     PIL.PngImagePlugin              STREAM b'IDAT' 132 65536
2026-04-24 09:06:27  DEBUG     PIL.PngImagePlugin              STREAM b'IHDR' 16 13
2026-04-24 09:06:27  DEBUG     PIL.PngImagePlugin              STREAM b'tEXt' 41 58
2026-04-24 09:06:27  DEBUG     PIL.PngImagePlugin              STREAM b'pHYs' 111 9
2026-04-24 09:06:27  DEBUG     PIL.PngImagePlugin              STREAM b'IDAT' 132 65536
2026-04-24 09:06:27  DEBUG     src.visualize                   GIF: rendered frame epoch=35/100
2026-04-24 09:06:29  DEBUG     PIL.PngImagePlugin              STREAM b'IHDR' 16 13
2026-04-24 09:06:29  DEBUG     PIL.PngImagePlugin              STREAM b'tEXt' 41 58
2026-04-24 09:06:29  DEBUG     PIL.PngImagePlugin              STREAM b'pHYs' 111 9
2026-04-24 09:06:29  DEBUG     PIL.PngImagePlugin              STREAM b'IDAT' 132 65536
2026-04-24 09:06:31  DEBUG     PIL.PngImagePlugin              STREAM b'IHDR' 16 13
2026-04-24 09:06:31  DEBUG     PIL.PngImagePlugin              STREAM b'tEXt' 41 58
2026-04-24 09:06:31  DEBUG     PIL.PngImagePlugin              STREAM b'pHYs' 111 9
2026-04-24 09:06:31  DEBUG     PIL.PngImagePlugin              STREAM b'IDAT' 132 65536
2026-04-24 09:06:33  DEBUG     PIL.PngImagePlugin              STREAM b'IHDR' 16 13
2026-04-24 09:06:33  DEBUG     PIL.PngImagePlugin              STREAM b'tEXt' 41 58
2026-04-24 09:06:33  DEBUG     PIL.PngImagePlugin              STREAM b'pHYs' 111 9
2026-04-24 09:06:33  DEBUG     PIL.PngImagePlugin              STREAM b'IDAT' 132 65536
2026-04-24 09:06:35  DEBUG     PIL.PngImagePlugin              STREAM b'IHDR' 16 13
2026-04-24 09:06:35  DEBUG     PIL.PngImagePlugin              STREAM b'tEXt' 41 58
2026-04-24 09:06:35  DEBUG     PIL.PngImagePlugin              STREAM b'pHYs' 111 9
2026-04-24 09:06:35  DEBUG     PIL.PngImagePlugin              STREAM b'IDAT' 132 65536
2026-04-24 09:06:37  DEBUG     PIL.PngImagePlugin              STREAM b'IHDR' 16 13
2026-04-24 09:06:37  DEBUG     PIL.PngImagePlugin              STREAM b'tEXt' 41 58
2026-04-24 09:06:37  DEBUG     PIL.PngImagePlugin              STREAM b'pHYs' 111 9
2026-04-24 09:06:37  DEBUG     PIL.PngImagePlugin              STREAM b'IDAT' 132 65536
2026-04-24 09:06:37  DEBUG     src.visualize                   GIF: rendered frame epoch=40/100
2026-04-24 09:06:39  DEBUG     PIL.PngImagePlugin              STREAM b'IHDR' 16 13
2026-04-24 09:06:39  DEBUG     PIL.PngImagePlugin              STREAM b'tEXt' 41 58
2026-04-24 09:06:39  DEBUG     PIL.PngImagePlugin              STREAM b'pHYs' 111 9
2026-04-24 09:06:39  DEBUG     PIL.PngImagePlugin              STREAM b'IDAT' 132 65536
2026-04-24 09:06:41  DEBUG     PIL.PngImagePlugin              STREAM b'IHDR' 16 13
2026-04-24 09:06:41  DEBUG     PIL.PngImagePlugin              STREAM b'tEXt' 41 58
2026-04-24 09:06:41  DEBUG     PIL.PngImagePlugin              STREAM b'pHYs' 111 9
2026-04-24 09:06:41  DEBUG     PIL.PngImagePlugin              STREAM b'IDAT' 132 65536
2026-04-24 09:06:42  DEBUG     PIL.PngImagePlugin              STREAM b'IHDR' 16 13
2026-04-24 09:06:42  DEBUG     PIL.PngImagePlugin              STREAM b'tEXt' 41 58
2026-04-24 09:06:42  DEBUG     PIL.PngImagePlugin              STREAM b'pHYs' 111 9
2026-04-24 09:06:42  DEBUG     PIL.PngImagePlugin              STREAM b'IDAT' 132 65536
2026-04-24 09:06:44  DEBUG     PIL.PngImagePlugin              STREAM b'IHDR' 16 13
2026-04-24 09:06:44  DEBUG     PIL.PngImagePlugin              STREAM b'tEXt' 41 58
2026-04-24 09:06:44  DEBUG     PIL.PngImagePlugin              STREAM b'pHYs' 111 9
2026-04-24 09:06:44  DEBUG     PIL.PngImagePlugin              STREAM b'IDAT' 132 65536
2026-04-24 09:06:46  DEBUG     PIL.PngImagePlugin              STREAM b'IHDR' 16 13
2026-04-24 09:06:46  DEBUG     PIL.PngImagePlugin              STREAM b'tEXt' 41 58
2026-04-24 09:06:46  DEBUG     PIL.PngImagePlugin              STREAM b'pHYs' 111 9
2026-04-24 09:06:46  DEBUG     PIL.PngImagePlugin              STREAM b'IDAT' 132 65536
2026-04-24 09:06:46  DEBUG     src.visualize                   GIF: rendered frame epoch=45/100
2026-04-24 09:06:47  DEBUG     PIL.PngImagePlugin              STREAM b'IHDR' 16 13
2026-04-24 09:06:47  DEBUG     PIL.PngImagePlugin              STREAM b'tEXt' 41 58
2026-04-24 09:06:47  DEBUG     PIL.PngImagePlugin              STREAM b'pHYs' 111 9
2026-04-24 09:06:47  DEBUG     PIL.PngImagePlugin              STREAM b'IDAT' 132 65536
2026-04-24 09:06:49  DEBUG     PIL.PngImagePlugin              STREAM b'IHDR' 16 13
2026-04-24 09:06:49  DEBUG     PIL.PngImagePlugin              STREAM b'tEXt' 41 58
2026-04-24 09:06:49  DEBUG     PIL.PngImagePlugin              STREAM b'pHYs' 111 9
2026-04-24 09:06:49  DEBUG     PIL.PngImagePlugin              STREAM b'IDAT' 132 65536
2026-04-24 09:06:51  DEBUG     PIL.PngImagePlugin              STREAM b'IHDR' 16 13
2026-04-24 09:06:51  DEBUG     PIL.PngImagePlugin              STREAM b'tEXt' 41 58
2026-04-24 09:06:51  DEBUG     PIL.PngImagePlugin              STREAM b'pHYs' 111 9
2026-04-24 09:06:51  DEBUG     PIL.PngImagePlugin              STREAM b'IDAT' 132 65536
2026-04-24 09:06:53  DEBUG     PIL.PngImagePlugin              STREAM b'IHDR' 16 13
2026-04-24 09:06:53  DEBUG     PIL.PngImagePlugin              STREAM b'tEXt' 41 58
2026-04-24 09:06:53  DEBUG     PIL.PngImagePlugin              STREAM b'pHYs' 111 9
2026-04-24 09:06:53  DEBUG     PIL.PngImagePlugin              STREAM b'IDAT' 132 65536
2026-04-24 09:06:55  DEBUG     PIL.PngImagePlugin              STREAM b'IHDR' 16 13
2026-04-24 09:06:55  DEBUG     PIL.PngImagePlugin              STREAM b'tEXt' 41 58
2026-04-24 09:06:55  DEBUG     PIL.PngImagePlugin              STREAM b'pHYs' 111 9
2026-04-24 09:06:55  DEBUG     PIL.PngImagePlugin              STREAM b'IDAT' 132 65536
2026-04-24 09:06:55  DEBUG     src.visualize                   GIF: rendered frame epoch=50/100
2026-04-24 09:06:56  DEBUG     PIL.PngImagePlugin              STREAM b'IHDR' 16 13
2026-04-24 09:06:56  DEBUG     PIL.PngImagePlugin              STREAM b'tEXt' 41 58
2026-04-24 09:06:56  DEBUG     PIL.PngImagePlugin              STREAM b'pHYs' 111 9
2026-04-24 09:06:56  DEBUG     PIL.PngImagePlugin              STREAM b'IDAT' 132 65536
2026-04-24 09:06:58  DEBUG     PIL.PngImagePlugin              STREAM b'IHDR' 16 13
2026-04-24 09:06:58  DEBUG     PIL.PngImagePlugin              STREAM b'tEXt' 41 58
2026-04-24 09:06:58  DEBUG     PIL.PngImagePlugin              STREAM b'pHYs' 111 9
2026-04-24 09:06:58  DEBUG     PIL.PngImagePlugin              STREAM b'IDAT' 132 65536
2026-04-24 09:07:00  DEBUG     PIL.PngImagePlugin              STREAM b'IHDR' 16 13
2026-04-24 09:07:00  DEBUG     PIL.PngImagePlugin              STREAM b'tEXt' 41 58
2026-04-24 09:07:00  DEBUG     PIL.PngImagePlugin              STREAM b'pHYs' 111 9
2026-04-24 09:07:00  DEBUG     PIL.PngImagePlugin              STREAM b'IDAT' 132 65536
2026-04-24 09:07:02  DEBUG     PIL.PngImagePlugin              STREAM b'IHDR' 16 13
2026-04-24 09:07:02  DEBUG     PIL.PngImagePlugin              STREAM b'tEXt' 41 58
2026-04-24 09:07:02  DEBUG     PIL.PngImagePlugin              STREAM b'pHYs' 111 9
2026-04-24 09:07:02  DEBUG     PIL.PngImagePlugin              STREAM b'IDAT' 132 65536
2026-04-24 09:07:03  DEBUG     PIL.PngImagePlugin              STREAM b'IHDR' 16 13
2026-04-24 09:07:03  DEBUG     PIL.PngImagePlugin              STREAM b'tEXt' 41 58
2026-04-24 09:07:03  DEBUG     PIL.PngImagePlugin              STREAM b'pHYs' 111 9
2026-04-24 09:07:03  DEBUG     PIL.PngImagePlugin              STREAM b'IDAT' 132 65536
2026-04-24 09:07:03  DEBUG     src.visualize                   GIF: rendered frame epoch=55/100
2026-04-24 09:07:05  DEBUG     PIL.PngImagePlugin              STREAM b'IHDR' 16 13
2026-04-24 09:07:05  DEBUG     PIL.PngImagePlugin              STREAM b'tEXt' 41 58
2026-04-24 09:07:05  DEBUG     PIL.PngImagePlugin              STREAM b'pHYs' 111 9
2026-04-24 09:07:05  DEBUG     PIL.PngImagePlugin              STREAM b'IDAT' 132 65536
2026-04-24 09:07:07  DEBUG     PIL.PngImagePlugin              STREAM b'IHDR' 16 13
2026-04-24 09:07:07  DEBUG     PIL.PngImagePlugin              STREAM b'tEXt' 41 58
2026-04-24 09:07:07  DEBUG     PIL.PngImagePlugin              STREAM b'pHYs' 111 9
2026-04-24 09:07:07  DEBUG     PIL.PngImagePlugin              STREAM b'IDAT' 132 65536
2026-04-24 09:07:09  DEBUG     PIL.PngImagePlugin              STREAM b'IHDR' 16 13
2026-04-24 09:07:09  DEBUG     PIL.PngImagePlugin              STREAM b'tEXt' 41 58
2026-04-24 09:07:09  DEBUG     PIL.PngImagePlugin              STREAM b'pHYs' 111 9
2026-04-24 09:07:09  DEBUG     PIL.PngImagePlugin              STREAM b'IDAT' 132 65536
2026-04-24 09:07:11  DEBUG     PIL.PngImagePlugin              STREAM b'IHDR' 16 13
2026-04-24 09:07:11  DEBUG     PIL.PngImagePlugin              STREAM b'tEXt' 41 58
2026-04-24 09:07:11  DEBUG     PIL.PngImagePlugin              STREAM b'pHYs' 111 9
2026-04-24 09:07:11  DEBUG     PIL.PngImagePlugin              STREAM b'IDAT' 132 65536
2026-04-24 09:07:13  DEBUG     PIL.PngImagePlugin              STREAM b'IHDR' 16 13
2026-04-24 09:07:13  DEBUG     PIL.PngImagePlugin              STREAM b'tEXt' 41 58
2026-04-24 09:07:13  DEBUG     PIL.PngImagePlugin              STREAM b'pHYs' 111 9
2026-04-24 09:07:13  DEBUG     PIL.PngImagePlugin              STREAM b'IDAT' 132 65536
2026-04-24 09:07:13  DEBUG     src.visualize                   GIF: rendered frame epoch=60/100
2026-04-24 09:07:15  DEBUG     PIL.PngImagePlugin              STREAM b'IHDR' 16 13
2026-04-24 09:07:15  DEBUG     PIL.PngImagePlugin              STREAM b'tEXt' 41 58
2026-04-24 09:07:15  DEBUG     PIL.PngImagePlugin              STREAM b'pHYs' 111 9
2026-04-24 09:07:15  DEBUG     PIL.PngImagePlugin              STREAM b'IDAT' 132 65536
2026-04-24 09:07:16  DEBUG     PIL.PngImagePlugin              STREAM b'IHDR' 16 13
2026-04-24 09:07:16  DEBUG     PIL.PngImagePlugin              STREAM b'tEXt' 41 58
2026-04-24 09:07:16  DEBUG     PIL.PngImagePlugin              STREAM b'pHYs' 111 9
2026-04-24 09:07:16  DEBUG     PIL.PngImagePlugin              STREAM b'IDAT' 132 65536
2026-04-24 09:07:18  DEBUG     PIL.PngImagePlugin              STREAM b'IHDR' 16 13
2026-04-24 09:07:18  DEBUG     PIL.PngImagePlugin              STREAM b'tEXt' 41 58
2026-04-24 09:07:18  DEBUG     PIL.PngImagePlugin              STREAM b'pHYs' 111 9
2026-04-24 09:07:18  DEBUG     PIL.PngImagePlugin              STREAM b'IDAT' 132 65536
2026-04-24 09:07:20  DEBUG     PIL.PngImagePlugin              STREAM b'IHDR' 16 13
2026-04-24 09:07:20  DEBUG     PIL.PngImagePlugin              STREAM b'tEXt' 41 58
2026-04-24 09:07:20  DEBUG     PIL.PngImagePlugin              STREAM b'pHYs' 111 9
2026-04-24 09:07:20  DEBUG     PIL.PngImagePlugin              STREAM b'IDAT' 132 65536
2026-04-24 09:07:22  DEBUG     PIL.PngImagePlugin              STREAM b'IHDR' 16 13
2026-04-24 09:07:22  DEBUG     PIL.PngImagePlugin              STREAM b'tEXt' 41 58
2026-04-24 09:07:22  DEBUG     PIL.PngImagePlugin              STREAM b'pHYs' 111 9
2026-04-24 09:07:22  DEBUG     PIL.PngImagePlugin              STREAM b'IDAT' 132 65536
2026-04-24 09:07:22  DEBUG     src.visualize                   GIF: rendered frame epoch=65/100
2026-04-24 09:07:23  DEBUG     PIL.PngImagePlugin              STREAM b'IHDR' 16 13
2026-04-24 09:07:23  DEBUG     PIL.PngImagePlugin              STREAM b'tEXt' 41 58
2026-04-24 09:07:23  DEBUG     PIL.PngImagePlugin              STREAM b'pHYs' 111 9
2026-04-24 09:07:23  DEBUG     PIL.PngImagePlugin              STREAM b'IDAT' 132 65536
2026-04-24 09:07:25  DEBUG     PIL.PngImagePlugin              STREAM b'IHDR' 16 13
2026-04-24 09:07:25  DEBUG     PIL.PngImagePlugin              STREAM b'tEXt' 41 58
2026-04-24 09:07:25  DEBUG     PIL.PngImagePlugin              STREAM b'pHYs' 111 9
2026-04-24 09:07:25  DEBUG     PIL.PngImagePlugin              STREAM b'IDAT' 132 65536
2026-04-24 09:07:27  DEBUG     PIL.PngImagePlugin              STREAM b'IHDR' 16 13
2026-04-24 09:07:27  DEBUG     PIL.PngImagePlugin              STREAM b'tEXt' 41 58
2026-04-24 09:07:27  DEBUG     PIL.PngImagePlugin              STREAM b'pHYs' 111 9
2026-04-24 09:07:27  DEBUG     PIL.PngImagePlugin              STREAM b'IDAT' 132 65536
2026-04-24 09:07:29  DEBUG     PIL.PngImagePlugin              STREAM b'IHDR' 16 13
2026-04-24 09:07:29  DEBUG     PIL.PngImagePlugin              STREAM b'tEXt' 41 58
2026-04-24 09:07:29  DEBUG     PIL.PngImagePlugin              STREAM b'pHYs' 111 9
2026-04-24 09:07:29  DEBUG     PIL.PngImagePlugin              STREAM b'IDAT' 132 65536
2026-04-24 09:07:31  DEBUG     PIL.PngImagePlugin              STREAM b'IHDR' 16 13
2026-04-24 09:07:31  DEBUG     PIL.PngImagePlugin              STREAM b'tEXt' 41 58
2026-04-24 09:07:31  DEBUG     PIL.PngImagePlugin              STREAM b'pHYs' 111 9
2026-04-24 09:07:31  DEBUG     PIL.PngImagePlugin              STREAM b'IDAT' 132 65536
2026-04-24 09:07:31  DEBUG     src.visualize                   GIF: rendered frame epoch=70/100
2026-04-24 09:07:33  DEBUG     PIL.PngImagePlugin              STREAM b'IHDR' 16 13
2026-04-24 09:07:33  DEBUG     PIL.PngImagePlugin              STREAM b'tEXt' 41 58
2026-04-24 09:07:33  DEBUG     PIL.PngImagePlugin              STREAM b'pHYs' 111 9
2026-04-24 09:07:33  DEBUG     PIL.PngImagePlugin              STREAM b'IDAT' 132 65536
2026-04-24 09:07:35  DEBUG     PIL.PngImagePlugin              STREAM b'IHDR' 16 13
2026-04-24 09:07:35  DEBUG     PIL.PngImagePlugin              STREAM b'tEXt' 41 58
2026-04-24 09:07:35  DEBUG     PIL.PngImagePlugin              STREAM b'pHYs' 111 9
2026-04-24 09:07:35  DEBUG     PIL.PngImagePlugin              STREAM b'IDAT' 132 65536
2026-04-24 09:07:36  DEBUG     PIL.PngImagePlugin              STREAM b'IHDR' 16 13
2026-04-24 09:07:36  DEBUG     PIL.PngImagePlugin              STREAM b'tEXt' 41 58
2026-04-24 09:07:36  DEBUG     PIL.PngImagePlugin              STREAM b'pHYs' 111 9
2026-04-24 09:07:36  DEBUG     PIL.PngImagePlugin              STREAM b'IDAT' 132 65536
2026-04-24 09:07:38  DEBUG     PIL.PngImagePlugin              STREAM b'IHDR' 16 13
2026-04-24 09:07:38  DEBUG     PIL.PngImagePlugin              STREAM b'tEXt' 41 58
2026-04-24 09:07:38  DEBUG     PIL.PngImagePlugin              STREAM b'pHYs' 111 9
2026-04-24 09:07:38  DEBUG     PIL.PngImagePlugin              STREAM b'IDAT' 132 65536
2026-04-24 09:07:40  DEBUG     PIL.PngImagePlugin              STREAM b'IHDR' 16 13
2026-04-24 09:07:40  DEBUG     PIL.PngImagePlugin              STREAM b'tEXt' 41 58
2026-04-24 09:07:40  DEBUG     PIL.PngImagePlugin              STREAM b'pHYs' 111 9
2026-04-24 09:07:40  DEBUG     PIL.PngImagePlugin              STREAM b'IDAT' 132 65536
2026-04-24 09:07:40  DEBUG     src.visualize                   GIF: rendered frame epoch=75/100
2026-04-24 09:07:42  DEBUG     PIL.PngImagePlugin              STREAM b'IHDR' 16 13
2026-04-24 09:07:42  DEBUG     PIL.PngImagePlugin              STREAM b'tEXt' 41 58
2026-04-24 09:07:42  DEBUG     PIL.PngImagePlugin              STREAM b'pHYs' 111 9
2026-04-24 09:07:42  DEBUG     PIL.PngImagePlugin              STREAM b'IDAT' 132 65536
2026-04-24 09:07:44  DEBUG     PIL.PngImagePlugin              STREAM b'IHDR' 16 13
2026-04-24 09:07:44  DEBUG     PIL.PngImagePlugin              STREAM b'tEXt' 41 58
2026-04-24 09:07:44  DEBUG     PIL.PngImagePlugin              STREAM b'pHYs' 111 9
2026-04-24 09:07:44  DEBUG     PIL.PngImagePlugin              STREAM b'IDAT' 132 65536
2026-04-24 09:07:46  DEBUG     PIL.PngImagePlugin              STREAM b'IHDR' 16 13
2026-04-24 09:07:46  DEBUG     PIL.PngImagePlugin              STREAM b'tEXt' 41 58
2026-04-24 09:07:46  DEBUG     PIL.PngImagePlugin              STREAM b'pHYs' 111 9
2026-04-24 09:07:46  DEBUG     PIL.PngImagePlugin              STREAM b'IDAT' 132 65536
2026-04-24 09:07:47  DEBUG     PIL.PngImagePlugin              STREAM b'IHDR' 16 13
2026-04-24 09:07:47  DEBUG     PIL.PngImagePlugin              STREAM b'tEXt' 41 58
2026-04-24 09:07:47  DEBUG     PIL.PngImagePlugin              STREAM b'pHYs' 111 9
2026-04-24 09:07:47  DEBUG     PIL.PngImagePlugin              STREAM b'IDAT' 132 65536
2026-04-24 09:07:49  DEBUG     PIL.PngImagePlugin              STREAM b'IHDR' 16 13
2026-04-24 09:07:49  DEBUG     PIL.PngImagePlugin              STREAM b'tEXt' 41 58
2026-04-24 09:07:49  DEBUG     PIL.PngImagePlugin              STREAM b'pHYs' 111 9
2026-04-24 09:07:49  DEBUG     PIL.PngImagePlugin              STREAM b'IDAT' 132 65536
2026-04-24 09:07:49  DEBUG     src.visualize                   GIF: rendered frame epoch=80/100
2026-04-24 09:07:51  DEBUG     PIL.PngImagePlugin              STREAM b'IHDR' 16 13
2026-04-24 09:07:51  DEBUG     PIL.PngImagePlugin              STREAM b'tEXt' 41 58
2026-04-24 09:07:51  DEBUG     PIL.PngImagePlugin              STREAM b'pHYs' 111 9
2026-04-24 09:07:51  DEBUG     PIL.PngImagePlugin              STREAM b'IDAT' 132 65536
2026-04-24 09:07:53  DEBUG     PIL.PngImagePlugin              STREAM b'IHDR' 16 13
2026-04-24 09:07:53  DEBUG     PIL.PngImagePlugin              STREAM b'tEXt' 41 58
2026-04-24 09:07:53  DEBUG     PIL.PngImagePlugin              STREAM b'pHYs' 111 9
2026-04-24 09:07:53  DEBUG     PIL.PngImagePlugin              STREAM b'IDAT' 132 65536
2026-04-24 09:07:55  DEBUG     PIL.PngImagePlugin              STREAM b'IHDR' 16 13
2026-04-24 09:07:55  DEBUG     PIL.PngImagePlugin              STREAM b'tEXt' 41 58
2026-04-24 09:07:55  DEBUG     PIL.PngImagePlugin              STREAM b'pHYs' 111 9
2026-04-24 09:07:55  DEBUG     PIL.PngImagePlugin              STREAM b'IDAT' 132 65536
2026-04-24 09:07:57  DEBUG     PIL.PngImagePlugin              STREAM b'IHDR' 16 13
2026-04-24 09:07:57  DEBUG     PIL.PngImagePlugin              STREAM b'tEXt' 41 58
2026-04-24 09:07:57  DEBUG     PIL.PngImagePlugin              STREAM b'pHYs' 111 9
2026-04-24 09:07:57  DEBUG     PIL.PngImagePlugin              STREAM b'IDAT' 132 65536
2026-04-24 09:07:58  DEBUG     PIL.PngImagePlugin              STREAM b'IHDR' 16 13
2026-04-24 09:07:58  DEBUG     PIL.PngImagePlugin              STREAM b'tEXt' 41 58
2026-04-24 09:07:58  DEBUG     PIL.PngImagePlugin              STREAM b'pHYs' 111 9
2026-04-24 09:07:58  DEBUG     PIL.PngImagePlugin              STREAM b'IDAT' 132 65536
2026-04-24 09:07:58  DEBUG     src.visualize                   GIF: rendered frame epoch=85/100
2026-04-24 09:08:00  DEBUG     PIL.PngImagePlugin              STREAM b'IHDR' 16 13
2026-04-24 09:08:00  DEBUG     PIL.PngImagePlugin              STREAM b'tEXt' 41 58
2026-04-24 09:08:00  DEBUG     PIL.PngImagePlugin              STREAM b'pHYs' 111 9
2026-04-24 09:08:00  DEBUG     PIL.PngImagePlugin              STREAM b'IDAT' 132 65536
2026-04-24 09:08:02  DEBUG     PIL.PngImagePlugin              STREAM b'IHDR' 16 13
2026-04-24 09:08:02  DEBUG     PIL.PngImagePlugin              STREAM b'tEXt' 41 58
2026-04-24 09:08:02  DEBUG     PIL.PngImagePlugin              STREAM b'pHYs' 111 9
2026-04-24 09:08:02  DEBUG     PIL.PngImagePlugin              STREAM b'IDAT' 132 65536
2026-04-24 09:08:04  DEBUG     PIL.PngImagePlugin              STREAM b'IHDR' 16 13
2026-04-24 09:08:04  DEBUG     PIL.PngImagePlugin              STREAM b'tEXt' 41 58
2026-04-24 09:08:04  DEBUG     PIL.PngImagePlugin              STREAM b'pHYs' 111 9
2026-04-24 09:08:04  DEBUG     PIL.PngImagePlugin              STREAM b'IDAT' 132 65536
2026-04-24 09:08:06  DEBUG     PIL.PngImagePlugin              STREAM b'IHDR' 16 13
2026-04-24 09:08:06  DEBUG     PIL.PngImagePlugin              STREAM b'tEXt' 41 58
2026-04-24 09:08:06  DEBUG     PIL.PngImagePlugin              STREAM b'pHYs' 111 9
2026-04-24 09:08:06  DEBUG     PIL.PngImagePlugin              STREAM b'IDAT' 132 65536
2026-04-24 09:08:08  DEBUG     PIL.PngImagePlugin              STREAM b'IHDR' 16 13
2026-04-24 09:08:08  DEBUG     PIL.PngImagePlugin              STREAM b'tEXt' 41 58
2026-04-24 09:08:08  DEBUG     PIL.PngImagePlugin              STREAM b'pHYs' 111 9
2026-04-24 09:08:08  DEBUG     PIL.PngImagePlugin              STREAM b'IDAT' 132 65536
2026-04-24 09:08:08  DEBUG     src.visualize                   GIF: rendered frame epoch=90/100
2026-04-24 09:08:09  DEBUG     PIL.PngImagePlugin              STREAM b'IHDR' 16 13
2026-04-24 09:08:09  DEBUG     PIL.PngImagePlugin              STREAM b'tEXt' 41 58
2026-04-24 09:08:09  DEBUG     PIL.PngImagePlugin              STREAM b'pHYs' 111 9
2026-04-24 09:08:09  DEBUG     PIL.PngImagePlugin              STREAM b'IDAT' 132 65536
2026-04-24 09:08:11  DEBUG     PIL.PngImagePlugin              STREAM b'IHDR' 16 13
2026-04-24 09:08:11  DEBUG     PIL.PngImagePlugin              STREAM b'tEXt' 41 58
2026-04-24 09:08:11  DEBUG     PIL.PngImagePlugin              STREAM b'pHYs' 111 9
2026-04-24 09:08:11  DEBUG     PIL.PngImagePlugin              STREAM b'IDAT' 132 65536
2026-04-24 09:08:13  DEBUG     PIL.PngImagePlugin              STREAM b'IHDR' 16 13
2026-04-24 09:08:13  DEBUG     PIL.PngImagePlugin              STREAM b'tEXt' 41 58
2026-04-24 09:08:13  DEBUG     PIL.PngImagePlugin              STREAM b'pHYs' 111 9
2026-04-24 09:08:13  DEBUG     PIL.PngImagePlugin              STREAM b'IDAT' 132 65536
2026-04-24 09:08:15  DEBUG     PIL.PngImagePlugin              STREAM b'IHDR' 16 13
2026-04-24 09:08:15  DEBUG     PIL.PngImagePlugin              STREAM b'tEXt' 41 58
2026-04-24 09:08:15  DEBUG     PIL.PngImagePlugin              STREAM b'pHYs' 111 9
2026-04-24 09:08:15  DEBUG     PIL.PngImagePlugin              STREAM b'IDAT' 132 65536
2026-04-24 09:08:17  DEBUG     PIL.PngImagePlugin              STREAM b'IHDR' 16 13
2026-04-24 09:08:17  DEBUG     PIL.PngImagePlugin              STREAM b'tEXt' 41 58
2026-04-24 09:08:17  DEBUG     PIL.PngImagePlugin              STREAM b'pHYs' 111 9
2026-04-24 09:08:17  DEBUG     PIL.PngImagePlugin              STREAM b'IDAT' 132 65536
2026-04-24 09:08:17  DEBUG     src.visualize                   GIF: rendered frame epoch=95/100
2026-04-24 09:08:19  DEBUG     PIL.PngImagePlugin              STREAM b'IHDR' 16 13
2026-04-24 09:08:19  DEBUG     PIL.PngImagePlugin              STREAM b'tEXt' 41 58
2026-04-24 09:08:19  DEBUG     PIL.PngImagePlugin              STREAM b'pHYs' 111 9
2026-04-24 09:08:19  DEBUG     PIL.PngImagePlugin              STREAM b'IDAT' 132 65536
2026-04-24 09:08:21  DEBUG     PIL.PngImagePlugin              STREAM b'IHDR' 16 13
2026-04-24 09:08:21  DEBUG     PIL.PngImagePlugin              STREAM b'tEXt' 41 58
2026-04-24 09:08:21  DEBUG     PIL.PngImagePlugin              STREAM b'pHYs' 111 9
2026-04-24 09:08:21  DEBUG     PIL.PngImagePlugin              STREAM b'IDAT' 132 65536
2026-04-24 09:08:23  DEBUG     PIL.PngImagePlugin              STREAM b'IHDR' 16 13
2026-04-24 09:08:23  DEBUG     PIL.PngImagePlugin              STREAM b'tEXt' 41 58
2026-04-24 09:08:23  DEBUG     PIL.PngImagePlugin              STREAM b'pHYs' 111 9
2026-04-24 09:08:23  DEBUG     PIL.PngImagePlugin              STREAM b'IDAT' 132 65536
2026-04-24 09:08:24  DEBUG     PIL.PngImagePlugin              STREAM b'IHDR' 16 13
2026-04-24 09:08:24  DEBUG     PIL.PngImagePlugin              STREAM b'tEXt' 41 58
2026-04-24 09:08:24  DEBUG     PIL.PngImagePlugin              STREAM b'pHYs' 111 9
2026-04-24 09:08:24  DEBUG     PIL.PngImagePlugin              STREAM b'IDAT' 132 65536
2026-04-24 09:08:26  DEBUG     PIL.PngImagePlugin              STREAM b'IHDR' 16 13
2026-04-24 09:08:26  DEBUG     PIL.PngImagePlugin              STREAM b'tEXt' 41 58
2026-04-24 09:08:26  DEBUG     PIL.PngImagePlugin              STREAM b'pHYs' 111 9
2026-04-24 09:08:26  DEBUG     PIL.PngImagePlugin              STREAM b'IDAT' 132 65536
2026-04-24 09:08:26  DEBUG     src.visualize                   GIF: rendered frame epoch=100/100
2026-04-24 09:08:34  INFO      src.visualize                   Training GIF saved → outputs/training_progress.gif  (108 frames, 4 fps)
2026-04-24 09:08:34  INFO      __main__                        All outputs written to: outputs
